CALLER ID,AGENT,DATE,TIME,TOPIC,ANSWERED,RESOLVED,SPEED OF ANSWER IN SECOND,AVG. TALK DURATION,SATISFACTION RATE
C00001,Daniel Moore,3/12/2025,6:19:27,Order Tracking,N,N,286,0,2.1
C00002,Daniel Moore,2/7/2025,2:39:59,Payment Failure,Y,N,50,22.52,4.9
C00003,Sophia Taylor,4/22/2025,0:47:08,Billing Issue,Y,N,20,4.32,3.9
C00004,James Anderson,1/9/2025,14:28:22,Subscription Renewal,Y,Y,117,2.34,4
C00005,Daniel Moore,3/23/2025,20:40:23,Cancellation Request,N,N,216,0,2.4
C00006,Jessica Miller,2/10/2025,0:40:01,Subscription Renewal,Y,Y,21,8.7,4.8
C00007,Sarah Johnson,6/7/2025,5:08:39,Account Access,N,N,256,0,1.3
C00008,Michael Brown,4/13/2025,11:49:12,Service Complaint,Y,N,68,22.76,4.5
C00009,Emily Davis,1/18/2025,15:52:26,Order Tracking,N,N,129,0,1.4
C00010,David Wilson,2/13/2025,13:02:40,Cancellation Request,Y,Y,116,20.21,2.7
C00011,Emily Davis,3/2/2025,0:18:58,Billing Issue,N,N,208,0,2.8
C00012,Michael Brown,2/4/2025,2:59:51,Subscription Renewal,N,N,209,0,2.9
C00013,James Anderson,4/4/2025,18:11:15,Service Complaint,N,N,231,0,2.9
C00014,Sarah Johnson,5/17/2025,10:37:39,Technical Support,N,N,172,0,3
C00015,James Anderson,4/30/2025,23:23:03,Payment Failure,N,N,208,0,2.3
C00016,Daniel Moore,3/1/2025,15:27:04,Billing Issue,N,N,159,0,1.1
C00017,Sophia Taylor,4/20/2025,17:32:29,Account Access,Y,N,112,14.27,2.8
C00018,John Smith,3/24/2025,22:14:43,Product Inquiry,N,N,213,0,1.2
C00019,Emily Davis,5/11/2025,8:59:28,Account Access,Y,Y,76,4.44,4.6
C00020,Daniel Moore,6/10/2025,6:30:12,Refund Request,Y,Y,49,13.57,2.6
C00021,Michael Brown,4/9/2025,7:11:16,Subscription Renewal,Y,Y,71,14.16,3.8
C00022,Jessica Miller,2/4/2025,20:23:55,Product Inquiry,N,N,170,0,2.6
C00023,John Smith,5/25/2025,3:58:59,Service Complaint,Y,N,84,3.54,4.7
C00024,Daniel Moore,1/28/2025,20:24:24,Order Tracking,Y,N,29,23.96,4
C00025,David Wilson,1/26/2025,19:04:58,Subscription Renewal,Y,N,22,9.39,2.8
C00026,John Smith,1/13/2025,12:25:06,Service Complaint,Y,N,63,13.31,3.7
C00027,Michael Brown,5/27/2025,15:48:31,Subscription Renewal,N,N,218,0,1.9
C00028,Daniel Moore,2/8/2025,9:04:54,Technical Support,N,N,123,0,1.8
C00029,Jessica Miller,1/5/2025,15:17:01,Payment Failure,Y,N,43,7.97,3.9
C00030,David Wilson,2/12/2025,22:25:21,Order Tracking,Y,N,104,23.41,3.3
C00031,Sarah Johnson,4/4/2025,1:07:27,Cancellation Request,Y,N,10,17.08,4.2
C00032,Daniel Moore,2/17/2025,8:38:06,Refund Request,Y,Y,74,7.71,3.3
C00033,David Wilson,6/22/2025,16:25:53,Service Complaint,N,N,123,0,2.9
C00034,Sarah Johnson,4/5/2025,13:52:36,Payment Failure,Y,N,21,5.69,3.3
C00035,Olivia Thomas,5/20/2025,19:20:24,Technical Support,N,N,222,0,2.1
C00036,David Wilson,2/7/2025,2:07:35,Subscription Renewal,N,N,223,0,2.6
C00037,David Wilson,2/9/2025,17:22:58,Payment Failure,N,N,274,0,1.2
C00038,David Wilson,1/9/2025,16:02:20,Payment Failure,Y,Y,21,20.23,4.1
C00039,Michael Brown,4/7/2025,7:44:35,Cancellation Request,Y,N,38,3.33,2.9
C00040,Sophia Taylor,4/24/2025,6:39:02,Cancellation Request,N,N,126,0,1.5
C00041,John Smith,1/24/2025,18:33:37,Account Access,N,N,165,0,1.6
C00042,John Smith,5/17/2025,20:47:29,Refund Request,N,N,135,0,2.1
C00043,John Smith,5/15/2025,5:21:41,Service Complaint,Y,N,51,5.85,3.8
C00044,John Smith,6/30/2025,20:30:40,Billing Issue,N,N,298,0,1.8
C00045,David Wilson,2/7/2025,15:36:27,Order Tracking,Y,Y,43,16.24,3.5
C00046,Jessica Miller,1/22/2025,0:08:32,Payment Failure,N,N,276,0,2.1
C00047,Sophia Taylor,1/18/2025,22:29:56,Refund Request,Y,N,116,4.15,4.1
C00048,Michael Brown,3/1/2025,17:29:00,Technical Support,N,N,232,0,2.7
C00049,John Smith,4/22/2025,17:25:25,Subscription Renewal,N,N,215,0,1.9
C00050,Daniel Moore,1/6/2025,15:01:47,Service Complaint,Y,N,112,6.42,3.2
C00051,Sarah Johnson,5/31/2025,12:46:50,Refund Request,Y,N,86,3.55,3.4
C00052,John Smith,6/28/2025,20:33:44,Order Tracking,N,N,196,0,1.4
C00053,Jessica Miller,4/22/2025,16:52:47,Service Complaint,N,N,126,0,2.7
C00054,Olivia Thomas,1/15/2025,5:41:16,Refund Request,Y,N,55,20.74,4.8
C00055,Sarah Johnson,3/30/2025,21:33:17,Order Tracking,Y,Y,14,4.41,4.6
C00056,Michael Brown,4/20/2025,12:46:27,Technical Support,Y,N,90,2.66,3.2
C00057,Jessica Miller,6/29/2025,5:32:33,Account Access,N,N,128,0,1.6
C00058,James Anderson,2/7/2025,7:14:35,Product Inquiry,N,N,282,0,2.2
C00059,Michael Brown,1/1/2025,17:40:25,Refund Request,N,N,235,0,2.1
C00060,Jessica Miller,1/24/2025,3:17:37,Refund Request,N,N,155,0,2.8
C00061,David Wilson,3/1/2025,8:34:33,Subscription Renewal,N,N,230,0,1.4
C00062,Sophia Taylor,6/14/2025,13:04:42,Order Tracking,N,N,247,0,1.4
C00063,Michael Brown,1/1/2025,5:06:39,Cancellation Request,N,N,278,0,1.7
C00064,Michael Brown,4/26/2025,2:54:16,Refund Request,N,N,298,0,1.2
C00065,James Anderson,1/11/2025,19:50:32,Payment Failure,Y,Y,20,2.09,3.7
C00066,Michael Brown,5/12/2025,9:48:23,Account Access,N,N,199,0,1.2
C00067,Sophia Taylor,5/26/2025,16:34:54,Payment Failure,N,N,234,0,1.1
C00068,John Smith,6/19/2025,2:38:17,Payment Failure,N,N,180,0,1.6
C00069,Sophia Taylor,6/15/2025,3:53:40,Account Access,Y,Y,109,16.89,3.4
C00070,David Wilson,4/2/2025,5:59:43,Billing Issue,Y,N,30,21.88,3
C00071,Sarah Johnson,5/26/2025,16:31:21,Subscription Renewal,Y,N,105,12.49,4
C00072,Michael Brown,1/29/2025,4:07:51,Payment Failure,Y,N,36,19.48,3.6
C00073,Sophia Taylor,4/15/2025,15:46:50,Cancellation Request,Y,Y,27,18.89,4.6
C00074,Emily Davis,3/16/2025,1:23:57,Product Inquiry,N,N,141,0,1.9
C00075,James Anderson,2/6/2025,2:57:05,Product Inquiry,N,N,138,0,1.7
C00076,David Wilson,2/6/2025,13:51:15,Cancellation Request,Y,Y,55,20.24,4.6
C00077,Daniel Moore,5/5/2025,22:59:39,Refund Request,N,N,155,0,1.9
C00078,John Smith,3/3/2025,8:28:37,Service Complaint,N,N,120,0,2.1
C00079,John Smith,1/25/2025,17:50:26,Billing Issue,N,N,240,0,2.9
C00080,Emily Davis,1/8/2025,11:25:01,Billing Issue,N,N,186,0,2.5
C00081,Emily Davis,5/11/2025,8:20:44,Order Tracking,Y,N,48,9.32,3.9
C00082,David Wilson,2/27/2025,23:29:21,Order Tracking,Y,Y,15,20.49,4.3
C00083,Emily Davis,1/15/2025,10:01:18,Product Inquiry,Y,Y,12,16.17,3.2
C00084,Daniel Moore,3/21/2025,9:30:11,Billing Issue,Y,Y,95,13.2,3.4
C00085,David Wilson,1/6/2025,2:55:09,Order Tracking,N,N,198,0,1.1
C00086,Daniel Moore,1/24/2025,12:23:59,Subscription Renewal,N,N,256,0,1
C00087,John Smith,2/26/2025,8:17:31,Payment Failure,N,N,166,0,1.9
C00088,Emily Davis,4/1/2025,18:50:35,Billing Issue,N,N,253,0,2.6
C00089,Olivia Thomas,3/2/2025,5:09:06,Cancellation Request,Y,N,56,13.55,3.9
C00090,Jessica Miller,5/26/2025,1:25:23,Payment Failure,Y,Y,29,21.56,3.8
C00091,Sophia Taylor,6/21/2025,14:29:38,Refund Request,N,N,216,0,2.2
C00092,Jessica Miller,1/17/2025,8:35:35,Refund Request,Y,Y,52,10.25,4.4
C00093,Sarah Johnson,4/14/2025,1:48:33,Cancellation Request,Y,Y,76,21.72,3.6
C00094,Sophia Taylor,6/11/2025,18:07:27,Payment Failure,N,N,143,0,1.7
C00095,John Smith,4/5/2025,20:20:51,Payment Failure,Y,Y,71,24.66,4.8
C00096,Sophia Taylor,4/23/2025,2:48:29,Subscription Renewal,Y,Y,27,19.77,3.6
C00097,Michael Brown,1/19/2025,6:35:36,Refund Request,N,N,153,0,2.3
C00098,Daniel Moore,5/12/2025,0:15:05,Product Inquiry,N,N,292,0,1
C00099,Sophia Taylor,3/22/2025,6:21:25,Refund Request,N,N,197,0,2.5
C00100,Sophia Taylor,5/7/2025,10:22:07,Refund Request,Y,Y,111,10.12,3.1
C00101,Daniel Moore,5/15/2025,10:19:53,Service Complaint,Y,N,114,12.35,3.7
C00102,Jessica Miller,4/4/2025,22:35:28,Payment Failure,Y,N,77,6.63,4.5
C00103,Daniel Moore,2/4/2025,17:21:22,Cancellation Request,Y,N,7,3.64,4.8
C00104,John Smith,4/2/2025,20:05:30,Subscription Renewal,Y,Y,19,14.72,4.2
C00105,Jessica Miller,6/8/2025,14:06:38,Order Tracking,Y,N,68,17.79,4.4
C00106,Michael Brown,6/25/2025,5:32:22,Cancellation Request,Y,Y,86,19.99,4.2
C00107,Jessica Miller,4/12/2025,17:26:11,Account Access,Y,N,41,7.17,3.8
C00108,Sarah Johnson,5/9/2025,10:39:38,Account Access,Y,Y,30,7.41,4.7
C00109,Jessica Miller,1/16/2025,16:15:51,Refund Request,Y,Y,110,11.69,4.8
C00110,Daniel Moore,2/28/2025,20:59:36,Billing Issue,N,N,298,0,2.4
C00111,Michael Brown,2/2/2025,22:52:48,Account Access,N,N,151,0,1.8
C00112,Emily Davis,5/10/2025,23:21:44,Service Complaint,N,N,261,0,1.4
C00113,Sophia Taylor,2/7/2025,9:26:10,Technical Support,N,N,221,0,2.8
C00114,Sophia Taylor,5/22/2025,15:24:46,Account Access,Y,Y,43,9.23,4.1
C00115,Michael Brown,3/1/2025,11:45:12,Payment Failure,N,N,126,0,1.8
C00116,James Anderson,4/8/2025,10:49:52,Refund Request,N,N,124,0,2.8
C00117,Daniel Moore,4/18/2025,14:55:36,Subscription Renewal,Y,N,106,12.51,3.6
C00118,Jessica Miller,2/9/2025,7:56:21,Service Complaint,Y,N,116,20.38,4.4
C00119,David Wilson,5/13/2025,0:51:23,Account Access,N,N,212,0,2.1
C00120,Daniel Moore,5/14/2025,8:31:47,Refund Request,N,N,220,0,1.2
C00121,Olivia Thomas,5/7/2025,14:13:01,Product Inquiry,N,N,275,0,1.8
C00122,John Smith,6/15/2025,23:28:07,Product Inquiry,Y,Y,98,16.96,4.6
C00123,Sophia Taylor,1/15/2025,1:54:35,Refund Request,N,N,194,0,2.7
C00124,James Anderson,6/9/2025,18:08:20,Order Tracking,N,N,215,0,2
C00125,Daniel Moore,3/29/2025,23:37:50,Order Tracking,N,N,157,0,1.4
C00126,Emily Davis,6/15/2025,1:50:01,Subscription Renewal,Y,N,118,3.66,2.6
C00127,Michael Brown,4/18/2025,17:06:08,Account Access,N,N,299,0,2.6
C00128,Michael Brown,2/2/2025,7:18:44,Account Access,Y,Y,100,3.09,2.5
C00129,Sarah Johnson,6/16/2025,9:59:39,Payment Failure,N,N,210,0,2.6
C00130,James Anderson,1/5/2025,15:57:37,Refund Request,Y,N,90,18.86,4.9
C00131,Sophia Taylor,5/6/2025,20:32:16,Product Inquiry,Y,Y,104,24.72,4
C00132,James Anderson,2/17/2025,14:56:33,Payment Failure,N,N,121,0,1.5
C00133,John Smith,4/22/2025,19:53:10,Cancellation Request,N,N,142,0,2.6
C00134,Jessica Miller,1/20/2025,4:25:01,Payment Failure,Y,N,115,3.79,4.9
C00135,Sophia Taylor,1/29/2025,5:47:14,Cancellation Request,Y,Y,69,14.67,3.3
C00136,Daniel Moore,6/3/2025,10:27:33,Product Inquiry,Y,N,94,19.49,4.5
C00137,Jessica Miller,2/16/2025,8:12:07,Order Tracking,N,N,125,0,2.9
C00138,James Anderson,3/28/2025,7:27:53,Product Inquiry,N,N,286,0,1.9
C00139,Sophia Taylor,3/28/2025,7:24:57,Cancellation Request,Y,N,106,23.25,2.8
C00140,Daniel Moore,5/25/2025,13:01:49,Refund Request,Y,Y,44,20.58,2.7
C00141,Jessica Miller,4/10/2025,22:09:16,Billing Issue,N,N,235,0,2.9
C00142,Daniel Moore,3/6/2025,9:07:55,Service Complaint,N,N,213,0,2.2
C00143,Michael Brown,4/21/2025,22:33:55,Billing Issue,Y,N,20,15.05,2.9
C00144,Emily Davis,2/27/2025,12:26:49,Order Tracking,Y,N,95,12.73,4.3
C00145,Daniel Moore,2/8/2025,18:02:11,Service Complaint,Y,N,96,17.03,4.5
C00146,Olivia Thomas,2/19/2025,12:27:28,Technical Support,N,N,188,0,1.6
C00147,Michael Brown,1/22/2025,18:47:09,Account Access,Y,N,63,18.44,4
C00148,Jessica Miller,6/10/2025,3:24:39,Refund Request,N,N,181,0,2.8
C00149,Michael Brown,1/27/2025,14:01:16,Order Tracking,N,N,218,0,1.3
C00150,John Smith,2/7/2025,15:50:04,Account Access,N,N,288,0,3
C00151,David Wilson,4/16/2025,4:25:26,Account Access,N,N,137,0,2.5
C00152,David Wilson,4/17/2025,10:20:46,Cancellation Request,Y,Y,67,2.97,4.4
C00153,Michael Brown,6/16/2025,7:44:51,Product Inquiry,Y,Y,92,6.07,4.5
C00154,Emily Davis,1/3/2025,17:09:29,Subscription Renewal,N,N,215,0,1.7
C00155,Emily Davis,1/20/2025,17:48:09,Cancellation Request,Y,Y,59,24.02,3.1
C00156,Daniel Moore,4/2/2025,13:32:25,Order Tracking,N,N,210,0,1.5
C00157,Emily Davis,5/4/2025,17:48:17,Payment Failure,N,N,259,0,1.1
C00158,Sarah Johnson,6/30/2025,14:37:01,Account Access,N,N,188,0,1.6
C00159,Olivia Thomas,4/8/2025,15:12:57,Account Access,Y,Y,21,6.24,4.7
C00160,John Smith,4/24/2025,10:53:51,Product Inquiry,N,N,185,0,1.6
C00161,John Smith,6/16/2025,16:25:51,Payment Failure,Y,N,66,18.7,3.7
C00162,Jessica Miller,6/28/2025,16:00:33,Account Access,N,N,120,0,1.9
C00163,Jessica Miller,5/5/2025,8:37:29,Payment Failure,N,N,193,0,1.4
C00164,Sarah Johnson,4/3/2025,10:42:46,Service Complaint,N,N,227,0,2.6
C00165,Sophia Taylor,4/8/2025,7:01:43,Refund Request,Y,N,99,13.4,4.8
C00166,Sarah Johnson,5/9/2025,0:06:30,Order Tracking,Y,Y,93,16.4,2.8
C00167,Sarah Johnson,3/14/2025,3:55:52,Service Complaint,N,N,170,0,1.2
C00168,Daniel Moore,3/10/2025,1:35:36,Refund Request,N,N,154,0,1.7
C00169,David Wilson,6/28/2025,15:58:47,Billing Issue,Y,Y,21,12.33,3.2
C00170,Sophia Taylor,6/8/2025,4:55:39,Payment Failure,N,N,182,0,1.5
C00171,Emily Davis,1/10/2025,19:59:43,Technical Support,N,N,213,0,2.2
C00172,Sarah Johnson,3/8/2025,6:14:50,Payment Failure,Y,N,72,21.57,3.5
C00173,John Smith,6/18/2025,5:26:40,Order Tracking,N,N,210,0,2
C00174,Olivia Thomas,3/15/2025,6:03:52,Payment Failure,Y,N,110,2.3,3.9
C00175,Jessica Miller,2/24/2025,23:57:51,Refund Request,Y,Y,31,14.98,2.7
C00176,Olivia Thomas,2/12/2025,17:40:39,Billing Issue,Y,N,64,12.54,3.3
C00177,John Smith,1/17/2025,0:42:18,Order Tracking,Y,N,68,22.6,4.1
C00178,Sophia Taylor,6/22/2025,14:04:33,Cancellation Request,Y,N,50,14.43,3.7
C00179,Michael Brown,3/16/2025,21:50:06,Billing Issue,Y,N,105,3.45,3
C00180,John Smith,2/19/2025,7:57:58,Order Tracking,N,N,198,0,2.3
C00181,Sophia Taylor,4/17/2025,8:11:29,Service Complaint,Y,N,19,5.54,4.9
C00182,James Anderson,1/29/2025,4:01:26,Technical Support,Y,Y,58,6.39,3.4
C00183,Jessica Miller,2/14/2025,13:40:35,Technical Support,Y,N,9,14.71,3.6
C00184,Sarah Johnson,2/3/2025,8:10:30,Product Inquiry,N,N,198,0,2.3
C00185,Sophia Taylor,3/10/2025,8:51:42,Account Access,Y,Y,18,6.18,4
C00186,Sophia Taylor,5/5/2025,23:25:40,Service Complaint,Y,N,92,12.65,3.4
C00187,David Wilson,2/15/2025,10:47:46,Service Complaint,Y,N,42,2.49,2.6
C00188,Emily Davis,3/21/2025,0:48:38,Billing Issue,Y,Y,38,15.96,4.2
C00189,Daniel Moore,5/17/2025,13:55:29,Order Tracking,Y,N,119,19.76,3.6
C00190,John Smith,5/20/2025,11:46:20,Payment Failure,N,N,135,0,2.3
C00191,Sarah Johnson,6/9/2025,18:33:08,Technical Support,N,N,288,0,2.4
C00192,Olivia Thomas,4/24/2025,2:18:50,Billing Issue,N,N,200,0,2.8
C00193,Olivia Thomas,2/26/2025,19:58:08,Product Inquiry,Y,Y,90,12.85,3.8
C00194,David Wilson,2/18/2025,8:35:48,Product Inquiry,N,N,260,0,1.2
C00195,Emily Davis,2/10/2025,11:09:38,Cancellation Request,Y,N,30,15.31,3.9
C00196,Olivia Thomas,3/25/2025,13:45:32,Billing Issue,N,N,271,0,2.3
C00197,Olivia Thomas,6/6/2025,14:30:09,Refund Request,Y,Y,73,21.67,3.7
C00198,David Wilson,4/15/2025,7:32:51,Product Inquiry,N,N,149,0,2.2
C00199,Michael Brown,6/2/2025,17:50:39,Cancellation Request,N,N,211,0,2.1
C00200,John Smith,6/29/2025,14:36:53,Subscription Renewal,N,N,246,0,2
C00201,John Smith,2/12/2025,15:58:03,Service Complaint,Y,N,112,2.02,3.6
C00202,John Smith,4/17/2025,5:53:45,Service Complaint,Y,Y,63,7.37,3.9
C00203,Michael Brown,6/12/2025,23:53:41,Product Inquiry,N,N,180,0,1.4
C00204,Olivia Thomas,1/18/2025,12:25:24,Cancellation Request,Y,N,12,14.46,4.4
C00205,Michael Brown,2/16/2025,17:34:30,Technical Support,Y,N,80,13.15,4.5
C00206,Jessica Miller,4/14/2025,2:41:31,Billing Issue,Y,Y,7,18.88,3.1
C00207,Emily Davis,3/5/2025,1:57:02,Technical Support,N,N,284,0,2.8
C00208,Sarah Johnson,1/31/2025,2:24:38,Product Inquiry,Y,Y,113,12.44,4.7
C00209,Jessica Miller,4/7/2025,19:30:13,Product Inquiry,N,N,159,0,2
C00210,Michael Brown,3/17/2025,15:07:50,Service Complaint,Y,N,32,18.08,3.5
C00211,Daniel Moore,1/20/2025,0:56:50,Billing Issue,N,N,128,0,1.4
C00212,David Wilson,3/29/2025,6:52:08,Billing Issue,N,N,216,0,1.4
C00213,Olivia Thomas,5/21/2025,22:54:09,Technical Support,Y,N,47,13.06,3
C00214,John Smith,4/24/2025,9:05:39,Technical Support,Y,N,93,4.38,4.8
C00215,Michael Brown,4/15/2025,15:56:33,Refund Request,N,N,142,0,1.5
C00216,David Wilson,2/12/2025,7:19:57,Billing Issue,Y,Y,86,11.49,2.8
C00217,Michael Brown,1/20/2025,5:37:28,Order Tracking,N,N,139,0,2.2
C00218,Jessica Miller,3/2/2025,14:05:30,Account Access,Y,Y,111,5.97,4.5
C00219,John Smith,1/30/2025,17:29:10,Technical Support,N,N,215,0,1.9
C00220,John Smith,1/4/2025,3:42:14,Order Tracking,N,N,146,0,2.6
C00221,David Wilson,6/14/2025,2:44:59,Refund Request,Y,Y,15,17.75,4
C00222,John Smith,2/3/2025,1:45:35,Refund Request,N,N,231,0,1.4
C00223,Michael Brown,6/13/2025,12:51:25,Subscription Renewal,N,N,130,0,1.1
C00224,John Smith,3/11/2025,4:08:10,Refund Request,N,N,280,0,2.8
C00225,David Wilson,1/23/2025,10:46:57,Subscription Renewal,Y,N,12,9.48,2.5
C00226,Daniel Moore,4/9/2025,18:41:57,Service Complaint,N,N,268,0,2.7
C00227,James Anderson,3/22/2025,10:44:24,Subscription Renewal,Y,N,16,13.5,4.1
C00228,Michael Brown,3/9/2025,21:06:21,Service Complaint,Y,N,59,11.74,3.9
C00229,Sophia Taylor,4/1/2025,23:44:56,Refund Request,Y,Y,115,12.01,3.5
C00230,James Anderson,3/16/2025,17:44:22,Cancellation Request,N,N,218,0,1.8
C00231,Michael Brown,1/3/2025,4:03:23,Cancellation Request,N,N,247,0,1.9
C00232,Emily Davis,3/30/2025,22:10:23,Service Complaint,N,N,244,0,2.5
C00233,Jessica Miller,5/6/2025,23:23:16,Technical Support,Y,N,74,16.59,3.3
C00234,Michael Brown,5/26/2025,2:12:32,Refund Request,N,N,126,0,2.6
C00235,Olivia Thomas,6/20/2025,3:43:37,Product Inquiry,N,N,137,0,1.4
C00236,Sarah Johnson,1/7/2025,19:50:00,Account Access,Y,N,79,20.87,4.2
C00237,Sophia Taylor,4/22/2025,18:07:52,Order Tracking,N,N,155,0,1.1
C00238,David Wilson,5/3/2025,15:50:18,Subscription Renewal,N,N,273,0,2.3
C00239,Jessica Miller,3/23/2025,13:20:38,Service Complaint,N,N,251,0,2.2
C00240,Sarah Johnson,4/7/2025,11:50:18,Cancellation Request,N,N,262,0,1.9
C00241,Jessica Miller,6/16/2025,10:24:55,Service Complaint,Y,N,9,5.51,4.8
C00242,James Anderson,3/6/2025,12:21:57,Cancellation Request,N,N,271,0,2.9
C00243,Sarah Johnson,2/25/2025,8:12:07,Billing Issue,N,N,220,0,1.7
C00244,Daniel Moore,1/18/2025,6:56:55,Billing Issue,N,N,188,0,1.2
C00245,David Wilson,6/18/2025,21:14:54,Account Access,Y,N,64,13.62,2.6
C00246,James Anderson,4/18/2025,18:09:37,Technical Support,Y,Y,59,19.1,4
C00247,Olivia Thomas,5/25/2025,11:07:43,Subscription Renewal,Y,Y,102,13.07,3.9
C00248,Michael Brown,5/17/2025,0:56:03,Service Complaint,Y,N,76,19.44,3.1
C00249,Michael Brown,2/13/2025,15:14:18,Account Access,N,N,148,0,2.2
C00250,James Anderson,1/30/2025,14:20:21,Technical Support,N,N,266,0,2.2
C00251,Sarah Johnson,4/18/2025,21:43:51,Order Tracking,N,N,251,0,2.7
C00252,Emily Davis,6/28/2025,6:22:55,Order Tracking,N,N,182,0,2.5
C00253,Sophia Taylor,3/14/2025,3:05:01,Subscription Renewal,N,N,120,0,2.8
C00254,Sophia Taylor,6/14/2025,19:01:31,Technical Support,Y,N,42,11.05,2.7
C00255,John Smith,4/27/2025,5:28:03,Subscription Renewal,N,N,261,0,2.2
C00256,Sarah Johnson,1/27/2025,1:58:41,Billing Issue,N,N,207,0,2
C00257,John Smith,2/19/2025,9:27:15,Payment Failure,Y,N,114,12.18,4
C00258,Jessica Miller,2/9/2025,21:16:31,Payment Failure,N,N,191,0,1.8
C00259,Emily Davis,6/2/2025,22:25:48,Service Complaint,Y,Y,112,10.24,4.3
C00260,Sarah Johnson,3/23/2025,15:45:32,Product Inquiry,Y,Y,88,12.88,4.3
C00261,Daniel Moore,1/7/2025,11:42:59,Service Complaint,N,N,134,0,3
C00262,Jessica Miller,6/26/2025,14:10:23,Billing Issue,N,N,123,0,1.9
C00263,John Smith,4/3/2025,17:57:27,Service Complaint,Y,N,38,5.82,4.3
C00264,John Smith,5/28/2025,12:40:59,Subscription Renewal,N,N,237,0,1.8
C00265,Jessica Miller,3/17/2025,22:23:33,Refund Request,Y,Y,59,12.23,4.1
C00266,Sarah Johnson,6/9/2025,5:24:59,Payment Failure,Y,Y,49,15.1,4.8
C00267,Daniel Moore,4/13/2025,18:04:53,Refund Request,N,N,182,0,1.9
C00268,Daniel Moore,4/29/2025,17:10:22,Subscription Renewal,Y,N,11,7.87,2.9
C00269,Sophia Taylor,5/11/2025,0:42:53,Service Complaint,Y,Y,85,16.94,4.3
C00270,James Anderson,3/13/2025,20:34:16,Service Complaint,Y,N,102,20.59,2.9
C00271,Emily Davis,3/2/2025,3:26:48,Refund Request,N,N,159,0,2.6
C00272,Emily Davis,5/26/2025,5:58:36,Payment Failure,Y,N,110,22.72,4.1
C00273,Olivia Thomas,1/24/2025,22:18:40,Product Inquiry,Y,Y,105,7.15,3.5
C00274,Sarah Johnson,5/22/2025,16:53:17,Order Tracking,N,N,256,0,2.6
C00275,Sarah Johnson,4/3/2025,22:41:09,Account Access,Y,Y,78,18.97,2.6
C00276,David Wilson,1/16/2025,3:53:09,Account Access,N,N,242,0,2.1
C00277,Sophia Taylor,6/20/2025,18:07:42,Cancellation Request,N,N,249,0,2.3
C00278,David Wilson,4/29/2025,5:51:20,Payment Failure,N,N,230,0,2.2
C00279,Jessica Miller,4/30/2025,12:42:54,Product Inquiry,Y,Y,107,7.06,4.8
C00280,David Wilson,6/16/2025,6:04:01,Technical Support,Y,N,7,12.16,3.7
C00281,Daniel Moore,5/5/2025,11:37:30,Cancellation Request,Y,Y,92,20.3,4.9
C00282,Jessica Miller,3/17/2025,21:23:35,Refund Request,N,N,254,0,2.9
C00283,Emily Davis,3/15/2025,3:37:31,Service Complaint,Y,N,17,10.9,4.5
C00284,Sarah Johnson,1/30/2025,12:02:34,Billing Issue,Y,N,5,17.35,4.2
C00285,Sarah Johnson,2/21/2025,23:23:18,Refund Request,N,N,278,0,2.1
C00286,Emily Davis,1/5/2025,7:38:13,Cancellation Request,Y,N,21,23.72,3.3
C00287,Emily Davis,6/23/2025,2:00:08,Cancellation Request,Y,N,78,23.19,4.7
C00288,Emily Davis,3/17/2025,1:20:35,Product Inquiry,N,N,168,0,1.4
C00289,Jessica Miller,1/2/2025,4:16:02,Billing Issue,N,N,250,0,1.1
C00290,Jessica Miller,4/1/2025,13:44:20,Refund Request,Y,Y,57,19.66,4.6
C00291,Sarah Johnson,6/3/2025,15:45:02,Service Complaint,Y,N,17,19.94,4.9
C00292,James Anderson,2/20/2025,15:16:54,Service Complaint,Y,N,24,12.86,4.3
C00293,Emily Davis,1/7/2025,19:31:16,Refund Request,N,N,132,0,2.6
C00294,Jessica Miller,4/13/2025,18:28:25,Product Inquiry,Y,Y,91,16,2.8
C00295,Jessica Miller,3/23/2025,14:29:59,Billing Issue,Y,Y,61,14.38,4.7
C00296,Michael Brown,4/23/2025,17:03:10,Technical Support,Y,N,82,5.06,4.6
C00297,Michael Brown,4/11/2025,0:20:37,Billing Issue,Y,N,48,23.48,3.3
C00298,Daniel Moore,4/30/2025,4:25:24,Service Complaint,Y,N,82,21.32,2.6
C00299,Olivia Thomas,3/9/2025,22:27:42,Account Access,Y,N,94,2.3,4.7
C00300,John Smith,6/10/2025,17:17:10,Service Complaint,N,N,147,0,2.6
C00301,James Anderson,1/27/2025,0:42:43,Billing Issue,N,N,254,0,2
C00302,Jessica Miller,6/28/2025,9:58:24,Cancellation Request,Y,Y,40,23.31,3.1
C00303,Olivia Thomas,4/19/2025,8:26:39,Refund Request,Y,Y,108,24.07,2.9
C00304,Olivia Thomas,2/12/2025,20:50:38,Billing Issue,N,N,179,0,2.9
C00305,Sophia Taylor,4/28/2025,15:32:40,Subscription Renewal,Y,N,110,19.02,3.2
C00306,Daniel Moore,1/25/2025,0:54:31,Technical Support,N,N,120,0,1.7
C00307,Jessica Miller,6/16/2025,15:25:09,Refund Request,Y,N,23,15.95,3.7
C00308,James Anderson,4/15/2025,2:17:47,Account Access,Y,N,77,24.64,3.7
C00309,Olivia Thomas,1/23/2025,13:38:13,Billing Issue,N,N,300,0,1.9
C00310,Emily Davis,1/23/2025,23:37:15,Service Complaint,Y,N,112,20.2,3
C00311,Daniel Moore,5/19/2025,23:36:39,Subscription Renewal,N,N,200,0,1.4
C00312,David Wilson,4/4/2025,19:36:40,Subscription Renewal,Y,N,45,22.52,4.3
C00313,Michael Brown,2/16/2025,8:38:46,Order Tracking,N,N,243,0,1.3
C00314,Emily Davis,3/18/2025,23:57:13,Service Complaint,Y,N,116,10.98,3.5
C00315,Sophia Taylor,3/28/2025,10:26:21,Service Complaint,N,N,265,0,2.9
C00316,Sarah Johnson,6/12/2025,19:25:51,Cancellation Request,Y,Y,90,11.38,4.5
C00317,Olivia Thomas,5/3/2025,20:00:37,Billing Issue,N,N,201,0,1.7
C00318,Olivia Thomas,1/2/2025,18:11:12,Technical Support,N,N,296,0,2.3
C00319,John Smith,6/6/2025,7:12:47,Technical Support,Y,Y,64,20.29,2.6
C00320,Emily Davis,1/29/2025,5:40:35,Service Complaint,Y,Y,73,17.84,3
C00321,James Anderson,4/24/2025,13:25:14,Payment Failure,Y,N,41,6.43,4
C00322,Sarah Johnson,5/17/2025,9:15:11,Technical Support,N,N,295,0,1.7
C00323,Daniel Moore,5/27/2025,23:19:04,Billing Issue,Y,N,116,3.49,3.4
C00324,Daniel Moore,2/22/2025,8:46:55,Subscription Renewal,N,N,153,0,1.6
C00325,Michael Brown,2/26/2025,22:31:37,Cancellation Request,N,N,179,0,1.3
C00326,Jessica Miller,6/28/2025,6:12:44,Payment Failure,Y,N,107,2,2.6
C00327,David Wilson,3/30/2025,2:44:32,Technical Support,Y,Y,101,7.75,4.3
C00328,John Smith,1/14/2025,16:31:05,Technical Support,Y,N,86,8.07,2.6
C00329,Emily Davis,3/26/2025,3:23:39,Refund Request,Y,N,109,23.2,2.5
C00330,David Wilson,5/14/2025,9:20:28,Cancellation Request,N,N,287,0,1.2
C00331,James Anderson,3/22/2025,20:58:59,Payment Failure,N,N,179,0,2.2
C00332,Olivia Thomas,5/13/2025,14:36:15,Product Inquiry,N,N,162,0,2.4
C00333,David Wilson,2/15/2025,16:48:49,Refund Request,Y,N,70,21.68,4.8
C00334,Olivia Thomas,3/20/2025,22:28:34,Service Complaint,N,N,137,0,1.9
C00335,Daniel Moore,2/25/2025,17:30:33,Billing Issue,Y,N,99,18.1,3
C00336,John Smith,4/4/2025,23:05:17,Product Inquiry,Y,Y,13,12.4,2.5
C00337,Olivia Thomas,4/28/2025,7:22:01,Cancellation Request,N,N,142,0,2.1
C00338,Emily Davis,1/21/2025,14:29:01,Service Complaint,N,N,121,0,1.6
C00339,Olivia Thomas,3/3/2025,14:35:45,Technical Support,Y,N,26,24.48,3.8
C00340,David Wilson,2/26/2025,20:55:50,Product Inquiry,N,N,230,0,1.8
C00341,Sophia Taylor,5/22/2025,14:50:10,Technical Support,N,N,241,0,2
C00342,Sophia Taylor,2/1/2025,9:47:50,Payment Failure,N,N,204,0,2.1
C00343,Olivia Thomas,5/8/2025,0:32:30,Product Inquiry,Y,N,47,6.25,5
C00344,Emily Davis,3/21/2025,21:30:33,Service Complaint,Y,N,91,2.7,3.5
C00345,David Wilson,3/21/2025,15:28:21,Order Tracking,Y,N,115,16.64,2.5
C00346,Sarah Johnson,5/5/2025,6:55:04,Cancellation Request,Y,Y,92,12.31,2.9
C00347,John Smith,5/6/2025,21:45:44,Account Access,Y,N,89,17.49,3.5
C00348,James Anderson,6/6/2025,22:38:38,Cancellation Request,N,N,154,0,2.4
C00349,Emily Davis,6/6/2025,18:30:34,Service Complaint,N,N,155,0,1.6
C00350,James Anderson,3/30/2025,1:48:38,Order Tracking,N,N,255,0,1.4
C00351,Daniel Moore,3/21/2025,23:35:18,Cancellation Request,Y,N,52,6.28,2.8
C00352,Sarah Johnson,6/10/2025,14:22:36,Account Access,Y,N,115,8.32,3.3
C00353,Jessica Miller,6/18/2025,16:03:24,Payment Failure,Y,N,88,2.64,3
C00354,Jessica Miller,3/17/2025,4:20:48,Service Complaint,N,N,134,0,1.2
C00355,Olivia Thomas,4/12/2025,5:53:58,Product Inquiry,Y,Y,35,17.15,3.8
C00356,Sarah Johnson,3/26/2025,18:20:11,Account Access,N,N,203,0,1.5
C00357,David Wilson,3/28/2025,12:15:22,Order Tracking,Y,N,110,12.11,3
C00358,Jessica Miller,2/4/2025,3:03:51,Account Access,Y,N,24,6.63,3.3
C00359,Michael Brown,5/27/2025,17:25:12,Billing Issue,Y,N,52,5.92,2.7
C00360,Jessica Miller,3/6/2025,23:29:08,Technical Support,N,N,126,0,1.7
C00361,Sarah Johnson,6/10/2025,13:52:27,Cancellation Request,Y,Y,59,14.27,4.1
C00362,John Smith,4/4/2025,1:33:57,Service Complaint,Y,Y,8,4.33,3.4
C00363,Emily Davis,1/11/2025,17:43:39,Subscription Renewal,Y,N,74,22.22,4.1
C00364,Michael Brown,4/9/2025,3:42:14,Subscription Renewal,N,N,217,0,2.6
C00365,Daniel Moore,6/6/2025,15:50:22,Product Inquiry,Y,N,31,7.6,4.2
C00366,James Anderson,6/30/2025,15:55:26,Refund Request,Y,Y,56,22.59,3.2
C00367,Emily Davis,3/8/2025,9:00:56,Payment Failure,Y,Y,76,17.8,5
C00368,James Anderson,5/23/2025,7:12:36,Payment Failure,N,N,209,0,1
C00369,Olivia Thomas,6/19/2025,6:46:59,Product Inquiry,N,N,173,0,1.5
C00370,Olivia Thomas,1/16/2025,21:47:14,Subscription Renewal,Y,N,66,22.56,2.7
C00371,David Wilson,3/16/2025,18:35:44,Refund Request,Y,Y,72,12.93,3.3
C00372,Michael Brown,6/13/2025,20:53:43,Order Tracking,Y,Y,36,23.89,4.8
C00373,Olivia Thomas,3/3/2025,4:58:27,Order Tracking,Y,N,8,18.96,4.8
C00374,Olivia Thomas,5/18/2025,0:02:08,Cancellation Request,N,N,149,0,1.8
C00375,James Anderson,1/1/2025,2:50:27,Service Complaint,Y,Y,71,21.04,4.6
C00376,James Anderson,5/18/2025,1:25:16,Subscription Renewal,N,N,272,0,2.7
C00377,Emily Davis,5/22/2025,5:14:51,Payment Failure,Y,Y,86,9.86,4.5
C00378,Daniel Moore,2/28/2025,0:35:59,Product Inquiry,Y,N,105,2.38,4.8
C00379,Emily Davis,5/3/2025,13:09:28,Technical Support,N,N,201,0,1.5
C00380,Emily Davis,1/26/2025,11:44:25,Order Tracking,N,N,260,0,1.6
C00381,David Wilson,4/3/2025,17:17:50,Refund Request,N,N,247,0,1.6
C00382,Daniel Moore,5/17/2025,20:36:23,Payment Failure,Y,Y,101,8.14,4
C00383,John Smith,5/6/2025,6:43:51,Order Tracking,Y,N,61,24.32,3.3
C00384,Sarah Johnson,2/11/2025,18:57:23,Product Inquiry,N,N,163,0,2.1
C00385,Emily Davis,5/25/2025,5:05:07,Order Tracking,N,N,166,0,1.9
C00386,Sarah Johnson,3/18/2025,20:24:22,Payment Failure,N,N,161,0,2
C00387,James Anderson,2/14/2025,13:53:52,Technical Support,N,N,125,0,1.1
C00388,Daniel Moore,1/6/2025,1:25:06,Cancellation Request,N,N,188,0,2.5
C00389,John Smith,2/15/2025,23:12:58,Product Inquiry,Y,N,56,11.94,4.5
C00390,Olivia Thomas,5/11/2025,2:19:04,Account Access,Y,N,76,14.89,3.7
C00391,Olivia Thomas,1/7/2025,22:19:05,Service Complaint,N,N,179,0,1.9
C00392,Jessica Miller,4/13/2025,11:30:34,Payment Failure,N,N,200,0,2.2
C00393,Emily Davis,4/4/2025,3:35:21,Product Inquiry,N,N,254,0,2.7
C00394,James Anderson,5/1/2025,15:02:38,Payment Failure,Y,N,108,10.49,4.3
C00395,Sophia Taylor,3/30/2025,1:53:41,Billing Issue,N,N,256,0,2.7
C00396,Jessica Miller,2/23/2025,15:28:06,Refund Request,Y,Y,20,14.41,3.5
C00397,David Wilson,1/8/2025,1:44:16,Service Complaint,Y,N,5,12.12,3.4
C00398,James Anderson,4/14/2025,9:03:03,Order Tracking,Y,Y,52,5.63,3.7
C00399,Daniel Moore,1/14/2025,7:01:07,Service Complaint,N,N,243,0,1.3
C00400,Emily Davis,4/9/2025,15:17:41,Refund Request,Y,Y,25,4.88,5
C00401,James Anderson,2/18/2025,7:17:50,Product Inquiry,N,N,254,0,2.6
C00402,Emily Davis,5/20/2025,5:42:26,Refund Request,N,N,285,0,1.2
C00403,Olivia Thomas,2/27/2025,14:05:13,Product Inquiry,Y,Y,76,10.88,3.9
C00404,John Smith,1/27/2025,15:21:10,Product Inquiry,N,N,273,0,2.7
C00405,John Smith,3/29/2025,5:52:04,Technical Support,Y,Y,92,16.99,3.2
C00406,Jessica Miller,4/25/2025,6:05:05,Subscription Renewal,N,N,184,0,2.4
C00407,Daniel Moore,6/26/2025,19:50:48,Payment Failure,N,N,265,0,1
C00408,Olivia Thomas,6/26/2025,15:35:47,Product Inquiry,Y,N,105,18.64,3.6
C00409,Olivia Thomas,3/28/2025,9:25:02,Payment Failure,Y,N,56,11.86,3.9
C00410,Sophia Taylor,1/12/2025,12:50:54,Product Inquiry,Y,Y,9,20.98,2.6
C00411,Michael Brown,1/18/2025,11:21:16,Refund Request,Y,Y,14,6.35,2.6
C00412,Sarah Johnson,6/12/2025,23:21:35,Service Complaint,Y,Y,38,23.66,4.8
C00413,Olivia Thomas,2/26/2025,12:20:29,Account Access,N,N,213,0,2.3
C00414,David Wilson,3/8/2025,16:50:39,Cancellation Request,Y,N,71,18.81,4
C00415,Michael Brown,5/6/2025,18:00:47,Account Access,N,N,218,0,2.5
C00416,Sarah Johnson,2/23/2025,18:54:15,Cancellation Request,N,N,294,0,2.3
C00417,Jessica Miller,3/28/2025,7:46:16,Billing Issue,Y,N,32,24.19,2.6
C00418,Emily Davis,6/13/2025,6:04:52,Service Complaint,Y,N,105,10.06,3.9
C00419,Jessica Miller,6/27/2025,1:45:41,Subscription Renewal,N,N,268,0,1.2
C00420,Sarah Johnson,5/7/2025,12:10:29,Service Complaint,Y,N,12,6.92,4.6
C00421,Sarah Johnson,5/6/2025,13:11:24,Technical Support,N,N,227,0,1.7
C00422,Emily Davis,5/5/2025,15:37:06,Technical Support,Y,N,22,15.47,3.8
C00423,Jessica Miller,3/30/2025,12:01:43,Billing Issue,N,N,160,0,2.3
C00424,Sophia Taylor,4/18/2025,6:20:06,Billing Issue,Y,Y,102,8.94,3.3
C00425,Sophia Taylor,2/19/2025,8:08:31,Subscription Renewal,Y,N,36,20.84,4.7
C00426,Sarah Johnson,2/5/2025,20:11:02,Payment Failure,Y,N,53,21.97,3.7
C00427,Jessica Miller,4/29/2025,19:31:53,Subscription Renewal,N,N,283,0,2.3
C00428,James Anderson,5/28/2025,0:34:00,Refund Request,Y,N,120,11.44,4.7
C00429,Jessica Miller,5/14/2025,11:32:53,Refund Request,N,N,295,0,2.3
C00430,Michael Brown,5/13/2025,16:49:35,Subscription Renewal,N,N,121,0,2.4
C00431,Olivia Thomas,2/6/2025,23:46:06,Service Complaint,Y,N,40,18.74,4.3
C00432,James Anderson,1/1/2025,6:00:45,Cancellation Request,N,N,194,0,1.5
C00433,James Anderson,1/8/2025,6:42:24,Cancellation Request,N,N,191,0,2
C00434,Emily Davis,2/19/2025,17:51:49,Payment Failure,N,N,264,0,2.6
C00435,John Smith,2/17/2025,15:58:13,Product Inquiry,N,N,286,0,1.5
C00436,Emily Davis,2/12/2025,9:48:48,Technical Support,N,N,221,0,1.7
C00437,John Smith,6/12/2025,22:21:51,Technical Support,N,N,144,0,2.1
C00438,David Wilson,4/11/2025,3:09:38,Technical Support,Y,Y,36,15.19,4.6
C00439,Sarah Johnson,5/26/2025,2:54:35,Account Access,N,N,194,0,1.2
C00440,Daniel Moore,2/4/2025,14:38:36,Service Complaint,N,N,268,0,1.9
C00441,Sophia Taylor,6/23/2025,19:12:16,Cancellation Request,Y,Y,111,24.86,4.1
C00442,Jessica Miller,5/2/2025,22:21:57,Product Inquiry,N,N,194,0,2.5
C00443,Emily Davis,3/6/2025,2:52:03,Subscription Renewal,N,N,144,0,1.2
C00444,Michael Brown,6/4/2025,11:34:44,Technical Support,Y,N,108,3.13,4.4
C00445,David Wilson,6/25/2025,15:17:39,Subscription Renewal,N,N,289,0,1.4
C00446,Sarah Johnson,4/17/2025,5:53:25,Refund Request,Y,N,12,7.75,4.6
C00447,Jessica Miller,5/31/2025,21:24:11,Order Tracking,Y,Y,56,9.8,3
C00448,Sarah Johnson,3/13/2025,17:08:56,Cancellation Request,Y,Y,6,5.56,2.6
C00449,Sarah Johnson,5/11/2025,8:23:42,Order Tracking,N,N,229,0,1.9
C00450,Sophia Taylor,3/18/2025,11:57:29,Refund Request,N,N,247,0,2.9
C00451,Jessica Miller,1/26/2025,18:59:42,Account Access,N,N,166,0,1.4
C00452,Olivia Thomas,3/16/2025,19:02:22,Billing Issue,Y,Y,91,12.37,2.7
C00453,David Wilson,1/26/2025,13:39:35,Account Access,Y,Y,110,3.09,3.2
C00454,Jessica Miller,2/27/2025,8:26:02,Billing Issue,N,N,224,0,1.1
C00455,Daniel Moore,1/20/2025,6:29:11,Order Tracking,N,N,131,0,3
C00456,Michael Brown,3/2/2025,19:29:55,Account Access,N,N,237,0,2.1
C00457,Jessica Miller,2/26/2025,19:39:33,Order Tracking,Y,N,23,13.2,4.7
C00458,Sarah Johnson,2/5/2025,10:28:31,Technical Support,Y,N,113,18.24,2.9
C00459,Michael Brown,6/29/2025,12:32:45,Technical Support,Y,Y,99,6.47,3.2
C00460,Sophia Taylor,1/7/2025,18:49:51,Payment Failure,N,N,219,0,2.9
C00461,Sarah Johnson,4/26/2025,17:02:33,Billing Issue,N,N,212,0,2.8
C00462,Sarah Johnson,1/4/2025,20:44:48,Cancellation Request,Y,N,5,14.8,4.2
C00463,Michael Brown,2/15/2025,7:15:10,Product Inquiry,N,N,299,0,1.8
C00464,John Smith,2/24/2025,18:09:00,Payment Failure,Y,N,88,8.32,4.3
C00465,Jessica Miller,2/18/2025,8:56:39,Technical Support,N,N,155,0,2
C00466,Sophia Taylor,4/9/2025,9:38:27,Refund Request,N,N,153,0,2.2
C00467,James Anderson,2/25/2025,1:41:22,Billing Issue,Y,N,12,15.36,3
C00468,Daniel Moore,4/30/2025,0:49:25,Account Access,N,N,231,0,2.1
C00469,Daniel Moore,1/17/2025,18:46:04,Cancellation Request,N,N,281,0,2.3
C00470,Daniel Moore,6/29/2025,10:32:33,Subscription Renewal,N,N,132,0,1.2
C00471,Sarah Johnson,1/17/2025,5:09:46,Payment Failure,N,N,282,0,1.1
C00472,Olivia Thomas,6/7/2025,0:16:20,Product Inquiry,Y,N,61,22.75,3
C00473,John Smith,3/2/2025,6:34:28,Order Tracking,N,N,221,0,3
C00474,James Anderson,6/15/2025,17:14:02,Service Complaint,Y,Y,26,3.41,3
C00475,Jessica Miller,1/17/2025,6:48:19,Payment Failure,N,N,161,0,1.3
C00476,Emily Davis,5/5/2025,6:57:57,Product Inquiry,N,N,176,0,2.4
C00477,Sarah Johnson,1/26/2025,5:22:40,Account Access,N,N,127,0,2.3
C00478,Sarah Johnson,1/13/2025,22:19:22,Cancellation Request,Y,N,22,10.75,4.3
C00479,Michael Brown,4/27/2025,2:26:52,Payment Failure,N,N,208,0,2.2
C00480,David Wilson,2/18/2025,13:56:11,Technical Support,Y,N,89,21.85,3.4
C00481,Olivia Thomas,2/12/2025,3:01:19,Billing Issue,Y,N,109,15.98,4.1
C00482,Olivia Thomas,4/29/2025,19:50:30,Payment Failure,Y,N,32,20.91,4.4
C00483,Michael Brown,6/6/2025,16:28:22,Subscription Renewal,Y,N,112,24.38,2.7
C00484,Daniel Moore,6/6/2025,4:59:46,Product Inquiry,Y,N,72,11.41,3.7
C00485,Jessica Miller,1/27/2025,6:49:14,Cancellation Request,Y,N,116,6.95,2.6
C00486,Sarah Johnson,4/27/2025,14:25:40,Technical Support,Y,N,70,22.2,5
C00487,Sarah Johnson,3/27/2025,4:42:54,Subscription Renewal,Y,Y,21,10.57,3.3
C00488,James Anderson,1/24/2025,22:26:58,Payment Failure,Y,Y,22,11.77,3.6
C00489,Olivia Thomas,5/19/2025,4:22:03,Product Inquiry,N,N,179,0,2.9
C00490,Sarah Johnson,2/13/2025,23:54:33,Payment Failure,N,N,258,0,1.5
C00491,Daniel Moore,4/16/2025,13:05:00,Payment Failure,N,N,278,0,2.3
C00492,Emily Davis,5/23/2025,23:41:16,Subscription Renewal,N,N,280,0,2.6
C00493,David Wilson,1/11/2025,13:54:39,Account Access,Y,N,54,14.39,2.8
C00494,David Wilson,3/25/2025,14:23:26,Technical Support,N,N,265,0,1.3
C00495,Emily Davis,5/2/2025,9:07:31,Payment Failure,Y,Y,44,22.82,4.4
C00496,Sophia Taylor,1/3/2025,1:50:21,Technical Support,N,N,242,0,1.6
C00497,David Wilson,5/22/2025,12:07:04,Service Complaint,N,N,123,0,2.9
C00498,James Anderson,2/9/2025,19:07:10,Billing Issue,Y,N,27,20.75,3.5
C00499,Daniel Moore,2/27/2025,11:17:13,Refund Request,N,N,289,0,2.3
C00500,Olivia Thomas,6/23/2025,20:08:18,Subscription Renewal,N,N,129,0,2.9
C00501,Olivia Thomas,4/27/2025,6:07:38,Cancellation Request,Y,N,25,13.85,3
C00502,Daniel Moore,5/5/2025,3:46:15,Payment Failure,N,N,168,0,1
C00503,Michael Brown,5/12/2025,2:03:24,Account Access,N,N,214,0,1.9
C00504,David Wilson,3/2/2025,17:56:19,Technical Support,N,N,121,0,2.5
C00505,John Smith,5/14/2025,15:41:44,Technical Support,N,N,168,0,2.6
C00506,Sophia Taylor,6/23/2025,0:24:06,Billing Issue,N,N,132,0,1.3
C00507,Michael Brown,5/21/2025,16:28:16,Technical Support,N,N,294,0,1.3
C00508,Jessica Miller,4/30/2025,10:39:07,Subscription Renewal,Y,Y,86,22.04,4.2
C00509,Daniel Moore,6/6/2025,13:26:47,Payment Failure,N,N,133,0,1.6
C00510,Michael Brown,4/2/2025,4:13:55,Technical Support,Y,N,100,22.24,2.9
C00511,Daniel Moore,6/4/2025,1:11:06,Order Tracking,Y,N,83,15.17,2.8
C00512,David Wilson,4/19/2025,0:11:54,Cancellation Request,Y,N,33,20.69,2.7
C00513,David Wilson,2/22/2025,15:21:45,Order Tracking,N,N,275,0,1.2
C00514,Olivia Thomas,2/2/2025,3:32:53,Cancellation Request,Y,N,98,14.98,4
C00515,James Anderson,4/7/2025,3:08:12,Service Complaint,Y,Y,78,5.46,4.9
C00516,James Anderson,5/31/2025,10:57:33,Service Complaint,N,N,141,0,2.8
C00517,Sarah Johnson,1/26/2025,12:17:55,Order Tracking,Y,Y,52,6.29,4.4
C00518,Emily Davis,4/30/2025,23:09:07,Refund Request,N,N,179,0,1
C00519,David Wilson,6/8/2025,21:16:56,Order Tracking,Y,N,107,24.78,3.1
C00520,Emily Davis,5/2/2025,4:14:25,Subscription Renewal,Y,Y,98,23.27,4.2
C00521,David Wilson,3/12/2025,7:53:22,Account Access,N,N,163,0,2.3
C00522,Olivia Thomas,4/25/2025,21:35:57,Technical Support,Y,Y,119,17.64,4
C00523,David Wilson,4/24/2025,20:11:32,Technical Support,Y,N,62,6.24,2.6
C00524,Sarah Johnson,1/13/2025,21:05:25,Billing Issue,Y,N,12,13.61,3.7
C00525,Emily Davis,6/1/2025,18:51:11,Refund Request,Y,Y,80,19.59,3.6
C00526,David Wilson,3/2/2025,23:46:10,Order Tracking,N,N,298,0,2
C00527,Olivia Thomas,1/11/2025,8:55:05,Order Tracking,N,N,179,0,2
C00528,James Anderson,5/25/2025,6:35:31,Billing Issue,Y,Y,30,3.69,4.2
C00529,Olivia Thomas,1/17/2025,13:42:54,Refund Request,Y,N,18,13.23,3.5
C00530,David Wilson,4/19/2025,10:07:59,Service Complaint,N,N,170,0,2.2
C00531,John Smith,6/11/2025,20:53:26,Order Tracking,N,N,140,0,1.5
C00532,James Anderson,5/27/2025,18:24:46,Subscription Renewal,Y,Y,97,19.47,2.8
C00533,Emily Davis,6/23/2025,0:01:53,Cancellation Request,N,N,202,0,2.7
C00534,Emily Davis,6/20/2025,7:46:53,Billing Issue,Y,N,48,20.51,4
C00535,Sophia Taylor,1/18/2025,21:23:47,Technical Support,N,N,244,0,1.2
C00536,Olivia Thomas,4/22/2025,0:09:45,Technical Support,Y,N,105,9.34,4.1
C00537,Sophia Taylor,6/27/2025,6:27:27,Order Tracking,N,N,154,0,2.2
C00538,Daniel Moore,3/3/2025,21:26:02,Service Complaint,Y,N,11,23.3,4.3
C00539,Michael Brown,6/18/2025,2:53:02,Product Inquiry,Y,Y,117,23.27,4.6
C00540,James Anderson,5/27/2025,16:10:34,Order Tracking,Y,Y,80,10.29,4
C00541,John Smith,3/17/2025,12:57:57,Subscription Renewal,N,N,123,0,2.7
C00542,Daniel Moore,2/26/2025,20:30:48,Cancellation Request,Y,Y,115,14.16,4.7
C00543,John Smith,4/9/2025,15:33:31,Account Access,Y,N,57,19.38,3.2
C00544,Sophia Taylor,3/11/2025,6:17:54,Account Access,Y,Y,16,8.76,4.3
C00545,Olivia Thomas,2/9/2025,18:58:01,Product Inquiry,N,N,157,0,2.9
C00546,Sophia Taylor,4/29/2025,7:20:00,Subscription Renewal,Y,Y,102,16.16,4.3
C00547,John Smith,4/5/2025,1:51:26,Service Complaint,N,N,131,0,1.3
C00548,Emily Davis,1/8/2025,11:06:14,Billing Issue,Y,Y,81,15.89,3.2
C00549,John Smith,5/25/2025,4:07:44,Cancellation Request,Y,Y,57,6.59,3.5
C00550,Emily Davis,1/14/2025,15:42:19,Order Tracking,Y,Y,115,18.26,4.5
C00551,Jessica Miller,3/6/2025,1:31:29,Product Inquiry,Y,N,86,6.22,4.5
C00552,Daniel Moore,3/3/2025,21:33:15,Account Access,N,N,175,0,1.6
C00553,David Wilson,5/14/2025,2:11:25,Product Inquiry,Y,Y,114,3.03,2.5
C00554,David Wilson,6/14/2025,11:25:46,Account Access,Y,N,105,9.44,3.4
C00555,David Wilson,4/23/2025,13:57:35,Service Complaint,N,N,175,0,1.8
C00556,Daniel Moore,6/22/2025,15:56:43,Service Complaint,N,N,257,0,3
C00557,Sarah Johnson,5/31/2025,5:52:46,Payment Failure,N,N,152,0,2.5
C00558,Emily Davis,6/28/2025,5:01:13,Refund Request,N,N,270,0,2.8
C00559,Sarah Johnson,2/14/2025,12:02:16,Cancellation Request,Y,Y,56,13.54,3.4
C00560,Sarah Johnson,6/14/2025,23:13:09,Account Access,Y,N,109,19.26,3.9
C00561,Daniel Moore,2/27/2025,1:14:50,Service Complaint,Y,Y,84,19.97,3.6
C00562,James Anderson,3/7/2025,5:41:46,Subscription Renewal,Y,Y,13,19.63,2.6
C00563,James Anderson,4/28/2025,23:51:44,Subscription Renewal,Y,N,106,24.89,3.2
C00564,Michael Brown,1/3/2025,14:59:36,Order Tracking,Y,N,22,2.64,3.7
C00565,John Smith,6/30/2025,18:30:26,Cancellation Request,N,N,297,0,1.3
C00566,David Wilson,5/10/2025,14:27:28,Account Access,N,N,218,0,1.4
C00567,David Wilson,4/4/2025,3:57:27,Payment Failure,N,N,163,0,2
C00568,Sophia Taylor,2/14/2025,22:14:13,Product Inquiry,Y,N,45,2.84,3.4
C00569,David Wilson,1/9/2025,10:52:46,Payment Failure,N,N,248,0,2.6
C00570,James Anderson,2/21/2025,7:30:15,Payment Failure,N,N,261,0,1.8
C00571,Emily Davis,2/4/2025,5:54:43,Product Inquiry,N,N,174,0,2.1
C00572,John Smith,6/11/2025,8:21:30,Billing Issue,Y,Y,84,20.86,2.9
C00573,David Wilson,2/8/2025,12:53:00,Technical Support,N,N,268,0,2.4
C00574,Michael Brown,3/6/2025,21:40:30,Account Access,Y,N,82,2.41,3.6
C00575,Michael Brown,4/14/2025,21:26:12,Service Complaint,N,N,212,0,1.9
C00576,Sophia Taylor,6/21/2025,7:42:08,Refund Request,N,N,212,0,2.3
C00577,Olivia Thomas,6/30/2025,18:28:54,Order Tracking,N,N,245,0,2.2
C00578,David Wilson,6/19/2025,1:19:32,Product Inquiry,N,N,213,0,1.5
C00579,David Wilson,6/21/2025,13:03:47,Refund Request,N,N,135,0,1.4
C00580,Sarah Johnson,1/18/2025,2:51:55,Order Tracking,N,N,263,0,2.6
C00581,Daniel Moore,3/13/2025,10:50:34,Subscription Renewal,Y,N,48,13.12,4.2
C00582,Sophia Taylor,2/19/2025,23:03:46,Refund Request,Y,N,99,3.55,3.4
C00583,Sophia Taylor,2/2/2025,11:15:55,Technical Support,N,N,188,0,2.4
C00584,Michael Brown,3/2/2025,0:41:44,Refund Request,Y,N,28,19.42,4.9
C00585,Sarah Johnson,1/30/2025,0:14:46,Refund Request,N,N,247,0,2.3
C00586,John Smith,6/12/2025,12:01:49,Cancellation Request,Y,Y,32,24.92,2.8
C00587,Sarah Johnson,3/6/2025,13:35:04,Product Inquiry,Y,Y,93,3.35,4.6
C00588,Sophia Taylor,3/4/2025,9:13:13,Billing Issue,N,N,240,0,2.2
C00589,Olivia Thomas,4/13/2025,15:17:44,Subscription Renewal,Y,Y,107,22.34,3.1
C00590,Daniel Moore,3/9/2025,14:36:15,Order Tracking,Y,Y,7,17.12,2.7
C00591,Daniel Moore,5/19/2025,13:17:41,Technical Support,Y,N,28,9.95,4.8
C00592,Sophia Taylor,3/31/2025,12:07:29,Billing Issue,Y,N,25,9.59,3.9
C00593,Sophia Taylor,3/20/2025,23:38:41,Service Complaint,N,N,243,0,1.7
C00594,Sarah Johnson,1/5/2025,23:56:19,Order Tracking,Y,N,65,23.4,4.1
C00595,James Anderson,3/26/2025,16:47:31,Product Inquiry,Y,N,81,4.25,3.1
C00596,Daniel Moore,3/7/2025,22:53:21,Refund Request,Y,N,29,24.6,4.7
C00597,Sarah Johnson,4/28/2025,22:20:08,Product Inquiry,N,N,152,0,2.3
C00598,Michael Brown,2/7/2025,0:04:08,Product Inquiry,Y,Y,95,2.72,3.3
C00599,Emily Davis,6/16/2025,1:45:01,Payment Failure,N,N,260,0,3
C00600,David Wilson,3/4/2025,17:19:02,Technical Support,Y,N,83,13.84,4.2
C00601,Jessica Miller,5/14/2025,4:10:59,Account Access,N,N,296,0,1.5
C00602,John Smith,1/25/2025,7:43:25,Technical Support,Y,Y,115,12.96,3.5
C00603,John Smith,5/13/2025,4:34:39,Billing Issue,N,N,205,0,1.9
C00604,Olivia Thomas,4/20/2025,5:20:31,Account Access,Y,Y,108,6.65,3
C00605,Jessica Miller,3/10/2025,7:09:33,Service Complaint,N,N,202,0,1.2
C00606,Michael Brown,5/16/2025,22:22:33,Order Tracking,N,N,168,0,2.1
C00607,Jessica Miller,5/9/2025,4:04:48,Billing Issue,Y,N,114,10.21,4
C00608,James Anderson,3/26/2025,7:05:12,Product Inquiry,N,N,216,0,2.3
C00609,David Wilson,2/7/2025,22:23:35,Subscription Renewal,N,N,227,0,2.6
C00610,Sarah Johnson,5/4/2025,11:48:05,Billing Issue,N,N,289,0,2.4
C00611,Emily Davis,2/24/2025,23:30:33,Payment Failure,Y,Y,75,5.37,2.9
C00612,Michael Brown,5/8/2025,1:49:35,Subscription Renewal,Y,N,37,11.68,3.9
C00613,Olivia Thomas,4/11/2025,15:36:53,Cancellation Request,N,N,151,0,2.5
C00614,Jessica Miller,1/26/2025,3:28:57,Subscription Renewal,N,N,162,0,1.1
C00615,Sarah Johnson,5/24/2025,21:52:26,Account Access,N,N,208,0,2.9
C00616,Emily Davis,5/20/2025,9:55:13,Subscription Renewal,Y,Y,60,15.17,3.8
C00617,Daniel Moore,5/3/2025,8:30:14,Billing Issue,Y,Y,49,13.99,4.6
C00618,Olivia Thomas,4/13/2025,5:46:31,Cancellation Request,N,N,213,0,2.6
C00619,Michael Brown,5/19/2025,23:23:20,Billing Issue,Y,Y,98,18.18,4.2
C00620,David Wilson,4/9/2025,14:14:37,Cancellation Request,Y,N,55,14.88,3.6
C00621,John Smith,6/4/2025,2:31:24,Order Tracking,N,N,273,0,1.2
C00622,Emily Davis,4/13/2025,11:07:20,Cancellation Request,N,N,142,0,2.8
C00623,James Anderson,4/23/2025,3:25:08,Product Inquiry,Y,N,113,8.81,2.5
C00624,Daniel Moore,5/22/2025,11:52:30,Technical Support,N,N,248,0,1.6
C00625,Michael Brown,1/24/2025,22:43:26,Order Tracking,N,N,173,0,2.6
C00626,Jessica Miller,6/22/2025,1:16:32,Technical Support,Y,Y,47,18.07,4.3
C00627,David Wilson,3/28/2025,16:49:50,Refund Request,N,N,187,0,2.2
C00628,Olivia Thomas,2/28/2025,21:45:23,Refund Request,Y,N,20,12.17,3.8
C00629,David Wilson,6/23/2025,6:44:47,Subscription Renewal,N,N,130,0,1.1
C00630,James Anderson,6/5/2025,12:11:09,Technical Support,N,N,165,0,2.2
C00631,James Anderson,2/8/2025,18:19:57,Order Tracking,N,N,254,0,1.4
C00632,John Smith,2/3/2025,4:31:31,Subscription Renewal,Y,N,102,6.45,3.4
C00633,Daniel Moore,1/17/2025,13:47:41,Refund Request,N,N,282,0,1.7
C00634,John Smith,5/17/2025,8:15:16,Account Access,Y,Y,52,21.14,3.3
C00635,Jessica Miller,3/15/2025,13:27:23,Refund Request,Y,Y,6,10.9,3.2
C00636,David Wilson,1/7/2025,5:45:39,Product Inquiry,Y,N,97,23.19,3.1
C00637,Emily Davis,3/12/2025,0:40:16,Product Inquiry,N,N,141,0,2.4
C00638,Sarah Johnson,5/22/2025,5:52:56,Payment Failure,Y,Y,74,8.98,3.9
C00639,Jessica Miller,1/7/2025,6:55:41,Account Access,Y,N,72,3.17,2.9
C00640,Sophia Taylor,5/14/2025,17:12:09,Product Inquiry,N,N,285,0,2.3
C00641,Sarah Johnson,1/19/2025,15:24:42,Subscription Renewal,N,N,162,0,1.5
C00642,Sarah Johnson,2/27/2025,12:55:53,Service Complaint,N,N,293,0,2.1
C00643,Daniel Moore,3/6/2025,22:34:10,Cancellation Request,Y,Y,88,7.38,4.8
C00644,Sophia Taylor,1/23/2025,1:30:34,Service Complaint,Y,N,51,3.42,3.6
C00645,Jessica Miller,5/29/2025,22:46:26,Product Inquiry,N,N,267,0,1.4
C00646,Jessica Miller,3/11/2025,8:46:28,Product Inquiry,Y,N,114,7.87,4.4
C00647,Sophia Taylor,5/10/2025,22:34:20,Subscription Renewal,N,N,239,0,2.5
C00648,Sarah Johnson,6/28/2025,1:57:02,Subscription Renewal,Y,N,36,9.3,3.2
C00649,Sarah Johnson,5/29/2025,6:23:38,Service Complaint,N,N,271,0,2.6
C00650,Daniel Moore,1/27/2025,2:42:31,Subscription Renewal,N,N,125,0,1.6
C00651,Sarah Johnson,1/11/2025,16:38:23,Order Tracking,Y,Y,110,11.99,3.5
C00652,Sophia Taylor,5/10/2025,16:13:05,Refund Request,Y,Y,88,16.27,3.7
C00653,David Wilson,1/19/2025,9:15:29,Service Complaint,N,N,186,0,1.2
C00654,Olivia Thomas,3/28/2025,20:31:41,Service Complaint,N,N,225,0,2.8
C00655,David Wilson,6/11/2025,0:19:14,Technical Support,N,N,288,0,2.2
C00656,Olivia Thomas,6/3/2025,1:19:02,Service Complaint,Y,Y,28,23.46,3.8
C00657,Emily Davis,5/9/2025,15:52:59,Technical Support,Y,N,91,2.01,4
C00658,Olivia Thomas,4/22/2025,13:14:58,Cancellation Request,N,N,275,0,1.9
C00659,Sophia Taylor,4/27/2025,10:45:00,Billing Issue,N,N,190,0,2.1
C00660,Emily Davis,1/13/2025,5:22:39,Account Access,Y,Y,97,15.91,2.6
C00661,Michael Brown,3/2/2025,14:07:17,Product Inquiry,Y,N,97,6.94,4.3
C00662,Michael Brown,3/6/2025,11:44:02,Billing Issue,N,N,166,0,1.6
C00663,Daniel Moore,5/18/2025,18:24:06,Refund Request,N,N,160,0,2.1
C00664,Jessica Miller,4/5/2025,3:58:19,Account Access,Y,Y,114,4.18,4.8
C00665,Daniel Moore,1/9/2025,11:58:29,Order Tracking,N,N,250,0,2.9
C00666,Daniel Moore,3/29/2025,1:12:57,Subscription Renewal,Y,Y,113,3.52,3.7
C00667,Emily Davis,1/5/2025,15:10:10,Product Inquiry,N,N,157,0,2.1
C00668,John Smith,4/23/2025,15:41:25,Payment Failure,N,N,146,0,1.3
C00669,John Smith,5/9/2025,1:31:49,Refund Request,N,N,295,0,1.8
C00670,Jessica Miller,2/4/2025,19:25:19,Order Tracking,N,N,247,0,1.1
C00671,John Smith,1/25/2025,8:11:17,Refund Request,Y,Y,91,17.4,3.6
C00672,Emily Davis,5/5/2025,13:20:30,Subscription Renewal,N,N,222,0,2.1
C00673,Sarah Johnson,2/17/2025,20:13:35,Payment Failure,Y,N,80,13.67,3.7
C00674,John Smith,6/11/2025,16:32:57,Subscription Renewal,N,N,287,0,2.5
C00675,Sarah Johnson,6/14/2025,2:41:50,Billing Issue,Y,Y,89,17.64,2.6
C00676,Sophia Taylor,6/17/2025,11:12:46,Subscription Renewal,N,N,265,0,2.8
C00677,Emily Davis,4/3/2025,22:26:56,Technical Support,Y,N,63,8.1,5
C00678,David Wilson,2/14/2025,16:31:04,Account Access,N,N,245,0,2.9
C00679,Michael Brown,4/12/2025,11:34:48,Technical Support,N,N,270,0,2
C00680,David Wilson,2/11/2025,19:04:13,Billing Issue,N,N,214,0,1.3
C00681,David Wilson,4/25/2025,14:03:32,Refund Request,N,N,185,0,2.2
C00682,Sophia Taylor,5/16/2025,13:06:26,Payment Failure,N,N,236,0,1.3
C00683,Daniel Moore,5/11/2025,22:16:34,Service Complaint,N,N,178,0,2.9
C00684,Emily Davis,4/23/2025,5:09:30,Account Access,N,N,273,0,1.1
C00685,Olivia Thomas,4/12/2025,1:13:16,Billing Issue,Y,Y,113,20.21,3.7
C00686,James Anderson,1/18/2025,19:43:09,Payment Failure,Y,Y,94,3.57,3.5
C00687,Emily Davis,2/4/2025,8:19:07,Cancellation Request,N,N,121,0,1.2
C00688,Olivia Thomas,1/9/2025,18:27:55,Billing Issue,N,N,294,0,2.1
C00689,Sophia Taylor,3/13/2025,9:23:19,Service Complaint,Y,Y,70,4.81,4.8
C00690,John Smith,4/11/2025,20:33:48,Payment Failure,N,N,271,0,2.2
C00691,Michael Brown,1/11/2025,9:27:27,Subscription Renewal,N,N,227,0,1.6
C00692,David Wilson,3/6/2025,16:56:20,Technical Support,Y,Y,66,21.99,2.6
C00693,Olivia Thomas,1/1/2025,3:14:10,Cancellation Request,N,N,269,0,2.6
C00694,Sophia Taylor,3/10/2025,17:09:24,Order Tracking,N,N,225,0,2.5
C00695,Olivia Thomas,1/5/2025,3:35:11,Technical Support,Y,N,85,8.78,4.7
C00696,Daniel Moore,3/12/2025,11:42:28,Technical Support,Y,Y,56,22.14,3.4
C00697,Michael Brown,3/2/2025,14:48:37,Subscription Renewal,N,N,243,0,2.3
C00698,James Anderson,4/19/2025,6:13:21,Account Access,Y,N,77,23.89,2.8
C00699,Sophia Taylor,1/24/2025,18:40:14,Product Inquiry,Y,N,62,19.74,3.4
C00700,David Wilson,1/2/2025,15:03:24,Payment Failure,N,N,265,0,2.9
C00701,John Smith,4/1/2025,7:38:57,Subscription Renewal,N,N,221,0,2.8
C00702,David Wilson,2/28/2025,6:28:10,Billing Issue,N,N,143,0,2.4
C00703,Michael Brown,2/21/2025,20:35:41,Technical Support,N,N,124,0,2.8
C00704,Jessica Miller,1/24/2025,13:42:47,Subscription Renewal,N,N,191,0,2.2
C00705,Daniel Moore,5/16/2025,10:30:23,Account Access,N,N,173,0,1.5
C00706,David Wilson,5/26/2025,5:09:44,Service Complaint,Y,Y,84,17.75,4.7
C00707,James Anderson,6/7/2025,22:46:38,Subscription Renewal,N,N,278,0,2.6
C00708,Emily Davis,1/2/2025,22:27:32,Service Complaint,Y,N,115,8.19,3.9
C00709,Olivia Thomas,6/3/2025,17:19:14,Refund Request,Y,N,117,23.12,4.5
C00710,Sarah Johnson,6/28/2025,6:30:47,Subscription Renewal,Y,Y,117,6.02,3.9
C00711,Sarah Johnson,5/13/2025,19:11:53,Technical Support,Y,Y,12,5.94,3.3
C00712,Olivia Thomas,4/18/2025,1:41:02,Refund Request,Y,N,69,17.98,4.9
C00713,Olivia Thomas,1/12/2025,3:18:32,Account Access,Y,N,31,6.5,3.9
C00714,Daniel Moore,6/23/2025,0:27:06,Account Access,Y,Y,35,21.76,4.4
C00715,Jessica Miller,3/19/2025,17:59:07,Subscription Renewal,Y,Y,69,13.21,4.5
C00716,John Smith,2/27/2025,4:45:38,Service Complaint,N,N,221,0,1.1
C00717,James Anderson,4/18/2025,4:48:12,Order Tracking,Y,N,26,22.35,3
C00718,John Smith,3/15/2025,7:25:47,Product Inquiry,Y,Y,91,13.69,3.1
C00719,Daniel Moore,4/20/2025,0:32:05,Refund Request,N,N,180,0,1.6
C00720,David Wilson,6/15/2025,8:10:06,Account Access,N,N,169,0,1.3
C00721,Sarah Johnson,3/25/2025,0:09:55,Cancellation Request,N,N,265,0,2.7
C00722,Jessica Miller,6/18/2025,6:12:07,Order Tracking,N,N,133,0,1.7
C00723,David Wilson,1/23/2025,2:33:47,Cancellation Request,Y,Y,24,17.77,3.1
C00724,John Smith,5/8/2025,9:44:08,Billing Issue,Y,Y,32,19.49,4.7
C00725,Emily Davis,3/11/2025,15:33:49,Account Access,N,N,288,0,1.1
C00726,James Anderson,2/6/2025,6:36:18,Subscription Renewal,N,N,145,0,1.9
C00727,John Smith,2/4/2025,3:42:56,Service Complaint,Y,Y,55,6.04,2.7
C00728,Jessica Miller,3/16/2025,13:40:37,Account Access,N,N,218,0,1.4
C00729,Sarah Johnson,5/27/2025,2:16:45,Order Tracking,N,N,133,0,1.6
C00730,James Anderson,5/8/2025,13:40:20,Service Complaint,N,N,226,0,2.6
C00731,Michael Brown,6/14/2025,9:39:30,Billing Issue,Y,Y,58,23.84,2.9
C00732,Olivia Thomas,1/28/2025,21:09:11,Refund Request,N,N,292,0,2.5
C00733,Olivia Thomas,3/16/2025,8:17:38,Order Tracking,Y,N,61,20.06,4.5
C00734,James Anderson,5/20/2025,5:18:27,Product Inquiry,Y,N,18,22.85,4
C00735,James Anderson,1/12/2025,13:35:14,Product Inquiry,Y,N,50,13.59,3.9
C00736,Michael Brown,2/6/2025,20:09:57,Cancellation Request,N,N,147,0,2.8
C00737,Sarah Johnson,6/10/2025,21:01:54,Technical Support,Y,N,91,21.2,4.7
C00738,Sarah Johnson,2/12/2025,20:39:06,Cancellation Request,Y,Y,120,7.88,3.4
C00739,Sophia Taylor,4/5/2025,14:20:21,Payment Failure,Y,N,64,10.06,4.1
C00740,Michael Brown,4/12/2025,0:41:46,Cancellation Request,N,N,248,0,1.9
C00741,Olivia Thomas,2/14/2025,21:24:06,Technical Support,N,N,170,0,2.5
C00742,Emily Davis,1/10/2025,20:44:49,Order Tracking,Y,N,87,17.19,3.4
C00743,David Wilson,3/29/2025,2:57:42,Refund Request,Y,Y,119,7.34,4.7
C00744,Sophia Taylor,4/30/2025,7:06:09,Technical Support,Y,Y,37,16.44,4.7
C00745,Daniel Moore,1/9/2025,11:37:14,Service Complaint,Y,N,27,24.91,4.9
C00746,David Wilson,1/14/2025,3:59:55,Payment Failure,N,N,284,0,2.2
C00747,Emily Davis,4/6/2025,15:41:44,Refund Request,N,N,294,0,2.5
C00748,Sophia Taylor,5/10/2025,16:33:42,Account Access,Y,Y,41,19.82,2.8
C00749,Jessica Miller,6/1/2025,23:31:53,Billing Issue,N,N,165,0,2.8
C00750,Daniel Moore,6/22/2025,18:21:47,Product Inquiry,N,N,124,0,1
C00751,David Wilson,4/15/2025,7:38:01,Service Complaint,Y,N,84,7.07,3.9
C00752,Michael Brown,1/23/2025,5:16:03,Refund Request,Y,N,51,4.56,4.4
C00753,James Anderson,5/9/2025,3:53:41,Service Complaint,N,N,121,0,2.7
C00754,Emily Davis,2/4/2025,3:41:59,Product Inquiry,N,N,122,0,2.2
C00755,Sarah Johnson,5/11/2025,2:22:44,Payment Failure,N,N,158,0,2
C00756,John Smith,5/18/2025,6:32:38,Refund Request,N,N,203,0,1.3
C00757,Olivia Thomas,3/1/2025,3:43:21,Service Complaint,Y,Y,47,9.26,4.9
C00758,Daniel Moore,5/26/2025,11:15:08,Cancellation Request,N,N,299,0,2.4
C00759,Emily Davis,4/22/2025,17:30:56,Cancellation Request,N,N,199,0,1.7
C00760,John Smith,5/28/2025,3:37:05,Product Inquiry,N,N,258,0,2.9
C00761,Emily Davis,3/22/2025,9:06:27,Subscription Renewal,N,N,139,0,2.3
C00762,Daniel Moore,4/14/2025,21:24:53,Service Complaint,N,N,226,0,2.2
C00763,Sophia Taylor,1/4/2025,1:59:52,Billing Issue,N,N,292,0,3
C00764,Emily Davis,6/20/2025,6:14:38,Payment Failure,Y,N,19,4.51,3.9
C00765,Olivia Thomas,3/12/2025,11:03:09,Refund Request,N,N,227,0,1.6
C00766,John Smith,3/6/2025,17:31:33,Order Tracking,N,N,208,0,2.8
C00767,Michael Brown,3/5/2025,14:57:18,Billing Issue,Y,N,17,11.43,3.3
C00768,Jessica Miller,3/9/2025,2:40:29,Technical Support,N,N,152,0,2.3
C00769,Daniel Moore,3/3/2025,2:45:24,Subscription Renewal,Y,N,62,7.06,4.3
C00770,David Wilson,4/17/2025,16:56:44,Payment Failure,Y,N,84,13.2,3
C00771,Olivia Thomas,2/7/2025,4:17:30,Cancellation Request,Y,N,50,2.54,3.6
C00772,John Smith,2/27/2025,15:12:48,Order Tracking,N,N,180,0,1
C00773,David Wilson,3/21/2025,23:46:30,Product Inquiry,N,N,172,0,1.3
C00774,Sarah Johnson,3/16/2025,15:44:10,Subscription Renewal,Y,N,91,24.85,4.7
C00775,Olivia Thomas,3/9/2025,22:33:31,Account Access,Y,Y,54,12.79,2.6
C00776,Michael Brown,4/7/2025,22:29:47,Subscription Renewal,Y,N,45,20.73,4.2
C00777,Emily Davis,1/11/2025,4:35:51,Account Access,N,N,245,0,2.3
C00778,Jessica Miller,2/10/2025,17:33:13,Payment Failure,Y,N,30,22.77,2.8
C00779,Michael Brown,5/17/2025,1:05:46,Account Access,Y,N,40,5.96,4
C00780,Jessica Miller,2/20/2025,21:32:42,Refund Request,Y,Y,74,8.78,3.1
C00781,Jessica Miller,2/3/2025,22:49:02,Technical Support,Y,N,53,4.65,3.4
C00782,Sophia Taylor,3/17/2025,5:32:42,Cancellation Request,N,N,284,0,2.6
C00783,Jessica Miller,3/9/2025,2:35:37,Service Complaint,N,N,286,0,2
C00784,Olivia Thomas,3/20/2025,13:51:16,Cancellation Request,N,N,218,0,2.1
C00785,David Wilson,4/2/2025,0:28:15,Payment Failure,Y,Y,6,4.91,3.9
C00786,Jessica Miller,3/21/2025,8:43:13,Account Access,Y,Y,15,2.62,3.4
C00787,Michael Brown,1/5/2025,13:21:30,Order Tracking,N,N,173,0,2.2
C00788,John Smith,1/28/2025,0:12:15,Service Complaint,Y,Y,63,21.71,3.3
C00789,Jessica Miller,4/20/2025,16:38:36,Refund Request,N,N,155,0,1.8
C00790,Emily Davis,3/30/2025,10:12:01,Billing Issue,Y,Y,90,22.54,3.7
C00791,Daniel Moore,6/7/2025,0:12:39,Product Inquiry,Y,N,119,6.18,3.8
C00792,Emily Davis,2/6/2025,11:37:52,Refund Request,N,N,150,0,1
C00793,John Smith,6/10/2025,17:27:47,Account Access,Y,Y,23,6.75,3.7
C00794,John Smith,5/23/2025,17:49:32,Service Complaint,N,N,198,0,1.3
C00795,Olivia Thomas,6/3/2025,1:58:00,Subscription Renewal,N,N,243,0,1.2
C00796,James Anderson,6/24/2025,0:17:20,Product Inquiry,N,N,238,0,1.9
C00797,Michael Brown,4/2/2025,2:51:59,Payment Failure,N,N,287,0,2.5
C00798,Jessica Miller,3/8/2025,20:43:12,Account Access,Y,Y,82,7.93,3
C00799,James Anderson,1/7/2025,10:49:28,Subscription Renewal,Y,N,107,13.99,4.6
C00800,Michael Brown,2/26/2025,4:48:46,Cancellation Request,Y,N,5,3.83,4.2
C00801,Sarah Johnson,1/3/2025,10:27:51,Billing Issue,Y,N,48,21.24,4.3
C00802,Daniel Moore,4/27/2025,23:39:29,Refund Request,N,N,242,0,2.5
C00803,Olivia Thomas,4/19/2025,3:46:13,Service Complaint,N,N,282,0,1.6
C00804,Jessica Miller,1/13/2025,19:17:10,Service Complaint,Y,N,30,14.74,3.6
C00805,David Wilson,1/26/2025,6:36:57,Service Complaint,N,N,261,0,1.8
C00806,Jessica Miller,3/26/2025,3:01:53,Billing Issue,N,N,244,0,1.3
C00807,Emily Davis,3/16/2025,15:08:23,Technical Support,Y,Y,32,3.49,2.7
C00808,Sophia Taylor,5/1/2025,18:03:11,Payment Failure,N,N,287,0,1.3
C00809,Michael Brown,4/21/2025,10:09:41,Technical Support,Y,Y,15,19.57,3.2
C00810,Emily Davis,1/21/2025,4:49:01,Refund Request,Y,Y,88,8.97,4.8
C00811,Daniel Moore,6/24/2025,2:37:49,Technical Support,Y,N,88,16.66,3.8
C00812,Daniel Moore,6/28/2025,2:13:02,Subscription Renewal,Y,Y,42,11.64,3.4
C00813,Daniel Moore,5/17/2025,13:11:14,Account Access,N,N,224,0,2.1
C00814,Sophia Taylor,1/18/2025,18:33:08,Cancellation Request,Y,Y,35,16.32,3.2
C00815,Daniel Moore,3/29/2025,5:42:28,Service Complaint,N,N,135,0,2.8
C00816,Michael Brown,4/30/2025,21:59:28,Service Complaint,N,N,149,0,2.3
C00817,Jessica Miller,6/29/2025,3:58:37,Subscription Renewal,Y,N,89,6.45,2.7
C00818,Jessica Miller,1/26/2025,7:17:34,Order Tracking,N,N,293,0,2.1
C00819,Emily Davis,6/25/2025,2:01:07,Product Inquiry,Y,Y,22,13.65,3.6
C00820,James Anderson,4/7/2025,20:42:07,Order Tracking,N,N,165,0,1.1
C00821,James Anderson,3/1/2025,18:53:03,Billing Issue,N,N,120,0,2.8
C00822,Emily Davis,2/3/2025,4:46:44,Billing Issue,N,N,169,0,1.7
C00823,Daniel Moore,4/24/2025,7:30:47,Order Tracking,Y,N,104,11.19,3.7
C00824,Jessica Miller,6/24/2025,21:30:06,Subscription Renewal,N,N,279,0,1.6
C00825,Sophia Taylor,6/23/2025,13:23:37,Order Tracking,N,N,273,0,1.3
C00826,Daniel Moore,3/21/2025,16:09:06,Subscription Renewal,Y,Y,27,9.84,2.8
C00827,Sarah Johnson,5/2/2025,6:23:16,Technical Support,N,N,287,0,2
C00828,David Wilson,3/25/2025,22:38:03,Billing Issue,N,N,148,0,1.3
C00829,James Anderson,6/3/2025,13:18:17,Payment Failure,Y,N,100,16.74,4.6
C00830,Michael Brown,2/25/2025,11:02:35,Refund Request,Y,Y,102,2.73,3.7
C00831,Olivia Thomas,1/23/2025,12:11:23,Technical Support,N,N,278,0,1.2
C00832,Michael Brown,3/12/2025,20:02:51,Payment Failure,N,N,276,0,1.5
C00833,Jessica Miller,6/25/2025,20:06:49,Subscription Renewal,N,N,246,0,1.8
C00834,Daniel Moore,2/22/2025,14:52:45,Payment Failure,N,N,141,0,1.3
C00835,James Anderson,3/17/2025,0:50:01,Cancellation Request,N,N,290,0,2.9
C00836,Jessica Miller,5/1/2025,17:16:55,Technical Support,Y,N,102,11.68,3.4
C00837,David Wilson,5/30/2025,10:33:31,Cancellation Request,N,N,248,0,1.2
C00838,Michael Brown,6/10/2025,23:58:45,Payment Failure,N,N,187,0,2.3
C00839,Olivia Thomas,5/31/2025,6:06:33,Payment Failure,N,N,121,0,2.5
C00840,James Anderson,5/12/2025,17:59:29,Order Tracking,Y,N,84,2.21,3.4
C00841,John Smith,6/25/2025,11:10:55,Technical Support,N,N,234,0,2.9
C00842,James Anderson,2/20/2025,21:50:57,Cancellation Request,Y,Y,23,8.98,4.7
C00843,Michael Brown,1/24/2025,18:08:21,Subscription Renewal,N,N,289,0,2.8
C00844,Emily Davis,4/8/2025,5:20:51,Payment Failure,Y,N,116,22.18,3.5
C00845,John Smith,3/27/2025,17:18:42,Cancellation Request,N,N,188,0,2.3
C00846,Jessica Miller,5/29/2025,17:40:50,Payment Failure,Y,N,106,3.14,4.1
C00847,James Anderson,4/23/2025,6:51:42,Order Tracking,N,N,245,0,1.5
C00848,Olivia Thomas,4/14/2025,11:44:36,Refund Request,Y,N,93,3.49,4.7
C00849,Michael Brown,6/13/2025,11:17:16,Payment Failure,N,N,170,0,2.8
C00850,Michael Brown,2/14/2025,18:52:57,Billing Issue,Y,N,27,19.46,3.3
C00851,John Smith,5/14/2025,12:24:31,Technical Support,Y,N,17,6.12,4.4
C00852,James Anderson,6/3/2025,14:54:42,Refund Request,Y,Y,55,2.43,5
C00853,Sarah Johnson,2/13/2025,4:24:19,Refund Request,Y,N,17,19.9,2.9
C00854,John Smith,4/3/2025,0:13:23,Billing Issue,N,N,201,0,1.7
C00855,Daniel Moore,3/29/2025,3:46:48,Order Tracking,Y,N,25,4.75,4.5
C00856,Daniel Moore,5/7/2025,22:11:16,Refund Request,N,N,134,0,2
C00857,Jessica Miller,5/30/2025,7:49:55,Product Inquiry,Y,N,90,8.92,4.5
C00858,Emily Davis,1/6/2025,5:52:52,Refund Request,Y,Y,111,9.99,3.7
C00859,Michael Brown,3/11/2025,21:21:24,Payment Failure,Y,Y,23,3.9,4.1
C00860,Emily Davis,1/13/2025,9:30:37,Technical Support,Y,Y,74,7.95,3.4
C00861,James Anderson,5/30/2025,18:09:55,Product Inquiry,N,N,196,0,1.7
C00862,Sarah Johnson,2/17/2025,12:52:20,Account Access,N,N,240,0,1.5
C00863,Sarah Johnson,4/11/2025,13:38:55,Billing Issue,N,N,191,0,2.3
C00864,Olivia Thomas,5/10/2025,23:59:29,Service Complaint,N,N,186,0,1.7
C00865,Olivia Thomas,4/22/2025,8:27:33,Product Inquiry,Y,Y,11,16.23,3.2
C00866,Jessica Miller,4/18/2025,22:03:43,Account Access,Y,Y,51,8.9,3.8
C00867,Michael Brown,2/19/2025,6:47:41,Subscription Renewal,N,N,255,0,1.9
C00868,Daniel Moore,1/2/2025,22:55:21,Payment Failure,Y,Y,21,15.19,4.8
C00869,Jessica Miller,2/7/2025,1:11:36,Refund Request,N,N,132,0,1.9
C00870,Michael Brown,6/1/2025,7:48:54,Service Complaint,Y,Y,6,14.63,4.1
C00871,Michael Brown,3/26/2025,13:27:45,Payment Failure,Y,N,78,22.23,2.7
C00872,Sophia Taylor,3/9/2025,15:40:28,Billing Issue,Y,N,62,19.1,3
C00873,Olivia Thomas,2/22/2025,0:14:31,Cancellation Request,Y,N,21,18.39,3.3
C00874,Sophia Taylor,5/12/2025,16:55:37,Billing Issue,N,N,223,0,1.4
C00875,Jessica Miller,3/7/2025,19:46:47,Service Complaint,N,N,161,0,2.6
C00876,David Wilson,6/15/2025,10:56:46,Billing Issue,N,N,211,0,1.8
C00877,Jessica Miller,1/13/2025,19:19:53,Billing Issue,N,N,273,0,2.7
C00878,Michael Brown,4/20/2025,12:36:43,Technical Support,Y,N,10,7.4,3.8
C00879,Sophia Taylor,5/22/2025,3:02:19,Product Inquiry,N,N,261,0,2.1
C00880,Emily Davis,5/17/2025,12:38:04,Payment Failure,Y,N,88,23.5,2.6
C00881,David Wilson,2/20/2025,22:41:07,Service Complaint,N,N,242,0,1.6
C00882,Olivia Thomas,6/18/2025,14:53:22,Refund Request,N,N,233,0,1.7
C00883,John Smith,2/12/2025,3:56:16,Cancellation Request,Y,N,66,20.59,3.4
C00884,Sarah Johnson,2/28/2025,20:41:51,Product Inquiry,N,N,258,0,1.7
C00885,Michael Brown,1/25/2025,19:04:00,Cancellation Request,N,N,243,0,2.6
C00886,Sophia Taylor,6/23/2025,13:28:57,Service Complaint,Y,Y,101,17.78,4.7
C00887,Daniel Moore,6/12/2025,7:00:02,Service Complaint,N,N,128,0,2.5
C00888,James Anderson,2/28/2025,13:32:42,Order Tracking,N,N,163,0,1.2
C00889,Jessica Miller,6/17/2025,10:13:22,Billing Issue,N,N,160,0,1.1
C00890,Daniel Moore,1/23/2025,8:44:21,Product Inquiry,Y,N,80,24.08,2.7
C00891,James Anderson,3/19/2025,15:28:39,Refund Request,Y,N,29,12.95,2.5
C00892,Sarah Johnson,3/5/2025,2:17:47,Subscription Renewal,N,N,140,0,1.8
C00893,David Wilson,2/1/2025,1:59:42,Cancellation Request,N,N,157,0,1.4
C00894,Daniel Moore,4/18/2025,3:51:00,Subscription Renewal,Y,Y,76,23.4,4.7
C00895,Olivia Thomas,1/22/2025,23:14:00,Refund Request,N,N,151,0,2.8
C00896,Sophia Taylor,4/2/2025,2:01:50,Cancellation Request,N,N,182,0,1.4
C00897,Jessica Miller,4/30/2025,7:41:39,Order Tracking,Y,N,105,19.21,4
C00898,John Smith,6/7/2025,17:45:28,Product Inquiry,N,N,280,0,2.3
C00899,Emily Davis,2/22/2025,11:39:18,Billing Issue,Y,Y,43,5.89,3.7
C00900,David Wilson,4/21/2025,7:19:09,Product Inquiry,N,N,218,0,1.2
C00901,Daniel Moore,1/13/2025,5:08:38,Technical Support,N,N,186,0,2.9
C00902,David Wilson,5/25/2025,19:04:44,Product Inquiry,N,N,123,0,2.8
C00903,John Smith,5/3/2025,4:17:57,Refund Request,Y,N,10,11.69,3.1
C00904,Michael Brown,3/11/2025,11:09:16,Cancellation Request,Y,N,94,16.26,4.7
C00905,Olivia Thomas,5/20/2025,8:44:27,Product Inquiry,Y,Y,119,4.73,4.7
C00906,Michael Brown,1/21/2025,21:07:38,Cancellation Request,Y,N,50,17.18,2.9
C00907,James Anderson,4/25/2025,9:51:37,Order Tracking,N,N,157,0,1.5
C00908,Michael Brown,6/15/2025,12:44:17,Product Inquiry,N,N,180,0,2.4
C00909,Sarah Johnson,3/31/2025,14:36:20,Payment Failure,N,N,286,0,1.2
C00910,Olivia Thomas,4/12/2025,5:05:32,Service Complaint,N,N,141,0,2.7
C00911,David Wilson,5/1/2025,8:58:17,Product Inquiry,Y,N,80,2.58,4.9
C00912,Daniel Moore,1/4/2025,4:37:31,Product Inquiry,Y,N,102,2.36,2.6
C00913,Daniel Moore,3/27/2025,19:36:39,Subscription Renewal,N,N,266,0,2.4
C00914,Sarah Johnson,4/15/2025,12:21:37,Cancellation Request,N,N,257,0,2.1
C00915,Sarah Johnson,1/5/2025,18:33:02,Service Complaint,N,N,291,0,1.5
C00916,John Smith,6/7/2025,18:31:41,Service Complaint,N,N,242,0,1.4
C00917,Emily Davis,4/23/2025,10:00:53,Subscription Renewal,Y,N,27,5.4,3
C00918,John Smith,3/9/2025,17:41:12,Billing Issue,Y,Y,28,14.06,3.8
C00919,Michael Brown,2/6/2025,12:34:13,Product Inquiry,N,N,138,0,1.3
C00920,Michael Brown,3/17/2025,9:59:35,Payment Failure,Y,N,115,19.06,3
C00921,Daniel Moore,6/8/2025,11:23:12,Subscription Renewal,Y,Y,102,12.72,3.8
C00922,Emily Davis,6/6/2025,6:52:23,Service Complaint,Y,Y,50,22.26,3.9
C00923,Olivia Thomas,4/20/2025,11:10:14,Account Access,Y,N,26,8.85,4.1
C00924,Olivia Thomas,5/28/2025,20:27:10,Order Tracking,N,N,161,0,1.3
C00925,Sarah Johnson,1/2/2025,15:25:12,Account Access,Y,Y,34,20.22,3.9
C00926,Olivia Thomas,6/7/2025,5:35:40,Billing Issue,N,N,213,0,2.9
C00927,John Smith,3/20/2025,20:26:33,Cancellation Request,N,N,180,0,1.1
C00928,Emily Davis,4/6/2025,8:12:48,Account Access,N,N,219,0,2.1
C00929,Sarah Johnson,3/8/2025,11:32:59,Refund Request,N,N,193,0,2.9
C00930,Sophia Taylor,1/26/2025,6:13:49,Billing Issue,N,N,231,0,2.6
C00931,John Smith,6/30/2025,9:57:30,Payment Failure,N,N,126,0,1.7
C00932,Daniel Moore,5/16/2025,22:12:23,Product Inquiry,Y,N,60,20.42,2.6
C00933,David Wilson,2/26/2025,6:55:15,Technical Support,N,N,206,0,1.4
C00934,James Anderson,4/11/2025,23:53:24,Service Complaint,N,N,234,0,2.1
C00935,Sophia Taylor,4/11/2025,6:19:52,Product Inquiry,N,N,222,0,1.8
C00936,Jessica Miller,6/4/2025,4:56:16,Subscription Renewal,N,N,261,0,1.5
C00937,Sophia Taylor,1/17/2025,5:32:03,Subscription Renewal,N,N,194,0,1.4
C00938,Michael Brown,3/14/2025,22:32:09,Order Tracking,Y,Y,91,5.67,4.2
C00939,Sarah Johnson,6/22/2025,1:33:50,Billing Issue,N,N,128,0,2.9
C00940,Sophia Taylor,3/15/2025,5:49:26,Order Tracking,N,N,157,0,2.6
C00941,James Anderson,1/4/2025,8:44:22,Order Tracking,Y,Y,11,11.34,3.9
C00942,Olivia Thomas,3/30/2025,11:25:51,Technical Support,Y,Y,90,12.57,3.8
C00943,Olivia Thomas,2/17/2025,20:21:22,Subscription Renewal,Y,Y,28,8.75,3.1
C00944,Daniel Moore,5/29/2025,2:08:19,Refund Request,Y,Y,29,17.74,4.5
C00945,Jessica Miller,5/2/2025,17:56:49,Account Access,Y,Y,68,8.67,3.9
C00946,Emily Davis,2/26/2025,21:27:38,Refund Request,Y,N,16,21.83,3.6
C00947,Jessica Miller,6/30/2025,21:32:25,Order Tracking,Y,N,24,13.24,4.3
C00948,Sarah Johnson,4/30/2025,13:57:19,Subscription Renewal,Y,N,30,20.79,3.5
C00949,Sophia Taylor,3/29/2025,6:27:31,Cancellation Request,Y,N,62,20.01,4.3
C00950,Jessica Miller,6/28/2025,22:09:37,Product Inquiry,Y,N,26,7.27,2.5
C00951,David Wilson,1/23/2025,12:05:41,Billing Issue,N,N,291,0,1.9
C00952,Daniel Moore,4/22/2025,1:29:56,Refund Request,N,N,174,0,1.5
C00953,John Smith,1/20/2025,20:02:43,Payment Failure,N,N,181,0,2.9
C00954,John Smith,5/6/2025,2:38:48,Product Inquiry,N,N,171,0,2
C00955,Daniel Moore,4/28/2025,21:36:43,Order Tracking,Y,Y,115,22.87,4.1
C00956,Sarah Johnson,3/8/2025,22:45:19,Billing Issue,N,N,195,0,2.2
C00957,Emily Davis,2/16/2025,21:41:07,Order Tracking,Y,N,11,8.32,3.9
C00958,Olivia Thomas,4/14/2025,10:32:52,Product Inquiry,Y,N,13,21.88,2.7
C00959,Daniel Moore,5/20/2025,13:19:16,Technical Support,N,N,241,0,1.1
C00960,David Wilson,3/11/2025,21:20:14,Billing Issue,N,N,244,0,1.1
C00961,Olivia Thomas,4/6/2025,0:37:13,Refund Request,N,N,173,0,1
C00962,Sarah Johnson,4/3/2025,3:43:21,Payment Failure,N,N,159,0,2
C00963,Olivia Thomas,4/23/2025,11:33:08,Product Inquiry,Y,N,57,18.15,2.7
C00964,David Wilson,3/8/2025,18:44:03,Subscription Renewal,Y,N,6,6,4.6
C00965,Michael Brown,6/6/2025,16:42:23,Product Inquiry,N,N,274,0,1.1
C00966,Jessica Miller,3/6/2025,5:58:57,Refund Request,Y,Y,86,3.89,4.7
C00967,Sarah Johnson,1/29/2025,12:38:37,Service Complaint,Y,N,99,22.87,3.9
C00968,Olivia Thomas,3/20/2025,3:51:12,Subscription Renewal,Y,Y,43,18.12,2.8
C00969,Sarah Johnson,5/27/2025,17:04:52,Order Tracking,Y,N,23,15.71,3.3
C00970,David Wilson,6/26/2025,19:33:36,Payment Failure,N,N,252,0,1.1
C00971,Olivia Thomas,5/24/2025,16:45:44,Cancellation Request,N,N,145,0,1.9
C00972,Emily Davis,3/1/2025,12:08:35,Account Access,Y,Y,78,5.35,4.3
C00973,Sarah Johnson,5/29/2025,20:04:08,Billing Issue,Y,N,36,23.32,2.7
C00974,James Anderson,1/6/2025,6:01:13,Cancellation Request,N,N,178,0,1.7
C00975,David Wilson,3/2/2025,22:41:21,Service Complaint,N,N,225,0,1.3
C00976,Olivia Thomas,5/16/2025,12:38:28,Order Tracking,Y,N,10,4.88,3.9
C00977,Sarah Johnson,5/4/2025,12:49:27,Refund Request,Y,Y,44,18.2,3.7
C00978,Olivia Thomas,3/16/2025,0:09:24,Payment Failure,Y,N,38,21.97,4.6
C00979,James Anderson,3/9/2025,22:54:34,Account Access,Y,N,57,2.38,3.8
C00980,Jessica Miller,1/21/2025,13:21:15,Billing Issue,N,N,193,0,1.3
C00981,Olivia Thomas,5/21/2025,10:44:32,Subscription Renewal,N,N,132,0,2
C00982,Emily Davis,3/24/2025,13:17:03,Refund Request,N,N,167,0,1.5
C00983,James Anderson,2/22/2025,1:47:36,Technical Support,N,N,268,0,2.2
C00984,Sophia Taylor,2/26/2025,18:41:29,Refund Request,N,N,211,0,2.9
C00985,Olivia Thomas,1/4/2025,16:27:48,Technical Support,Y,Y,69,23.18,4.1
C00986,Olivia Thomas,3/1/2025,23:03:16,Subscription Renewal,Y,N,16,7.72,4.2
C00987,Olivia Thomas,1/5/2025,16:28:30,Order Tracking,N,N,224,0,1.9
C00988,John Smith,6/7/2025,19:57:49,Cancellation Request,Y,N,118,4.01,4.3
C00989,Olivia Thomas,3/31/2025,19:02:36,Refund Request,N,N,281,0,2.9
C00990,Michael Brown,6/8/2025,14:29:58,Refund Request,Y,Y,37,19.27,4.7
C00991,James Anderson,4/19/2025,0:49:32,Subscription Renewal,N,N,153,0,2.5
C00992,Daniel Moore,6/8/2025,10:39:42,Product Inquiry,Y,N,5,9.43,2.7
C00993,Olivia Thomas,3/15/2025,23:59:21,Product Inquiry,Y,Y,23,13.55,2.6
C00994,John Smith,4/9/2025,16:29:15,Billing Issue,N,N,138,0,2.7
C00995,John Smith,3/13/2025,19:08:04,Billing Issue,N,N,242,0,2.9
C00996,Jessica Miller,4/20/2025,1:43:39,Subscription Renewal,N,N,125,0,1.3
C00997,David Wilson,4/28/2025,18:27:37,Cancellation Request,Y,Y,7,21.19,4.2
C00998,James Anderson,5/20/2025,0:27:00,Technical Support,Y,N,105,7.55,3.8
C00999,Emily Davis,3/30/2025,11:21:58,Cancellation Request,N,N,227,0,2.1
C01000,Emily Davis,3/17/2025,8:20:53,Service Complaint,N,N,132,0,1.2
